"DateTime","Players","Twitch Viewers"
"2015-01-01 00:00:00",5542
"2015-01-02 00:00:00",
"2015-01-03 00:00:00",
"2015-01-04 00:00:00",
"2015-01-05 00:00:00",
"2015-01-06 00:00:00",
"2015-01-07 00:00:00",
"2015-01-08 00:00:00",
"2015-01-09 00:00:00",
"2015-01-10 00:00:00",
"2015-01-11 00:00:00",
"2015-01-12 00:00:00",
"2015-01-13 00:00:00",
"2015-01-14 00:00:00",
"2015-01-15 00:00:00",
"2015-01-16 00:00:00",
"2015-01-17 00:00:00",
"2015-01-18 00:00:00",
"2015-01-19 00:00:00",
"2015-01-20 00:00:00",
"2015-01-21 00:00:00",
"2015-01-22 00:00:00",
"2015-01-23 00:00:00",
"2015-01-24 00:00:00",
"2015-01-25 00:00:00",
"2015-01-26 00:00:00",
"2015-01-27 00:00:00",
"2015-01-28 00:00:00",
"2015-01-29 00:00:00",5636
"2015-01-30 00:00:00",5404
"2015-01-31 00:00:00",5028
"2015-02-01 00:00:00",4865
"2015-02-02 00:00:00",4233
"2015-02-03 00:00:00",3779
"2015-02-04 00:00:00",3758
"2015-02-05 00:00:00",4047
"2015-02-06 00:00:00",3916
"2015-02-07 00:00:00",3916
"2015-02-08 00:00:00",3916
"2015-02-09 00:00:00",3916
"2015-02-10 00:00:00",2345
"2015-02-11 00:00:00",
"2015-02-12 00:00:00",
"2015-02-13 00:00:00",3807
"2015-02-14 00:00:00",3665
"2015-02-15 00:00:00",3166
"2015-02-16 00:00:00",
"2015-02-17 00:00:00",3378
"2015-02-18 00:00:00",3266
"2015-02-19 00:00:00",3465
"2015-02-20 00:00:00",4013
"2015-02-21 00:00:00",3837
"2015-02-22 00:00:00",3313
"2015-02-23 00:00:00",3067
"2015-02-24 00:00:00",2732
"2015-02-25 00:00:00",
"2015-02-26 00:00:00",
"2015-02-27 00:00:00",
"2015-02-28 00:00:00",
"2015-03-01 00:00:00",3422
"2015-03-02 00:00:00",
"2015-03-03 00:00:00",
"2015-03-04 00:00:00",
"2015-03-05 00:00:00",
"2015-03-06 00:00:00",
"2015-03-07 00:00:00",
"2015-03-08 00:00:00",
"2015-03-09 00:00:00",
"2015-03-10 00:00:00",
"2015-03-11 00:00:00",
"2015-03-12 00:00:00",
"2015-03-13 00:00:00",
"2015-03-14 00:00:00",
"2015-03-15 00:00:00",
"2015-03-16 00:00:00",
"2015-03-17 00:00:00",
"2015-03-18 00:00:00",
"2015-03-19 00:00:00",
"2015-03-20 00:00:00",
"2015-03-21 00:00:00",
"2015-03-22 00:00:00",
"2015-03-23 00:00:00",
"2015-03-24 00:00:00",
"2015-03-25 00:00:00",
"2015-03-26 00:00:00",
"2015-03-27 00:00:00",
"2015-03-28 00:00:00",
"2015-03-29 00:00:00",
"2015-03-30 00:00:00",
"2015-03-31 00:00:00",
"2015-04-01 00:00:00",2891
"2015-04-02 00:00:00",
"2015-04-03 00:00:00",
"2015-04-04 00:00:00",
"2015-04-05 00:00:00",
"2015-04-06 00:00:00",
"2015-04-07 00:00:00",
"2015-04-08 00:00:00",
"2015-04-09 00:00:00",
"2015-04-10 00:00:00",
"2015-04-11 00:00:00",
"2015-04-12 00:00:00",
"2015-04-13 00:00:00",
"2015-04-14 00:00:00",
"2015-04-15 00:00:00",
"2015-04-16 00:00:00",
"2015-04-17 00:00:00",
"2015-04-18 00:00:00",
"2015-04-19 00:00:00",2437
"2015-04-20 00:00:00",2002
"2015-04-21 00:00:00",1954
"2015-04-22 00:00:00",1872
"2015-04-23 00:00:00",1760
"2015-04-24 00:00:00",1944
"2015-04-25 00:00:00",2249
"2015-04-26 00:00:00",2257
"2015-04-27 00:00:00",1745
"2015-04-28 00:00:00",1774
"2015-04-29 00:00:00",1863
"2015-04-30 00:00:00",1980
"2015-05-01 00:00:00",2294
"2015-05-02 00:00:00",2527
"2015-05-03 00:00:00",2409
"2015-05-04 00:00:00",1901
"2015-05-05 00:00:00",1788
"2015-05-06 00:00:00",1662
"2015-05-07 00:00:00",1731
"2015-05-08 00:00:00",1967
"2015-05-09 00:00:00",2165
"2015-05-10 00:00:00",2128
"2015-05-11 00:00:00",1763
"2015-05-12 00:00:00",1790
"2015-05-13 00:00:00",1701
"2015-05-14 00:00:00",1739
"2015-05-15 00:00:00",1986
"2015-05-16 00:00:00",2127
"2015-05-17 00:00:00",1982
"2015-05-18 00:00:00",1584
"2015-05-19 00:00:00",1651
"2015-05-20 00:00:00",1612
"2015-05-21 00:00:00",1671
"2015-05-22 00:00:00",1769
"2015-05-23 00:00:00",2079
"2015-05-24 00:00:00",1978
"2015-05-25 00:00:00",1774
"2015-05-26 00:00:00",1696
"2015-05-27 00:00:00",1772
"2015-05-28 00:00:00",1846
"2015-05-29 00:00:00",2019
"2015-05-30 00:00:00",2170
"2015-05-31 00:00:00",2223
"2015-06-01 00:00:00",1804
"2015-06-02 00:00:00",1742
"2015-06-03 00:00:00",1893
"2015-06-04 00:00:00",2101
"2015-06-05 00:00:00",2178
"2015-06-06 00:00:00",2222
"2015-06-07 00:00:00",2249
"2015-06-08 00:00:00",2013
"2015-06-09 00:00:00",2031
"2015-06-10 00:00:00",1885
"2015-06-11 00:00:00",1886
"2015-06-12 00:00:00",1865
"2015-06-13 00:00:00",2029
"2015-06-14 00:00:00",2021
"2015-06-15 00:00:00",1812
"2015-06-16 00:00:00",1806
"2015-06-17 00:00:00",1665
"2015-06-18 00:00:00",1827
"2015-06-19 00:00:00",1851
"2015-06-20 00:00:00",1960
"2015-06-21 00:00:00",2007
"2015-06-22 00:00:00",1868
"2015-06-23 00:00:00",1841
"2015-06-24 00:00:00",1873
"2015-06-25 00:00:00",1895
"2015-06-26 00:00:00",1820
"2015-06-27 00:00:00",1886
"2015-06-28 00:00:00",1964
"2015-06-29 00:00:00",1939
"2015-06-30 00:00:00",1950
"2015-07-01 00:00:00",1916
"2015-07-02 00:00:00",1796
"2015-07-03 00:00:00",1926
"2015-07-04 00:00:00",1923
"2015-07-05 00:00:00",2025
"2015-07-06 00:00:00",1945
"2015-07-07 00:00:00",2006
"2015-07-08 00:00:00",1929
"2015-07-09 00:00:00",1871
"2015-07-10 00:00:00",1921
"2015-07-11 00:00:00",1912
"2015-07-12 00:00:00",1964
"2015-07-13 00:00:00",1928
"2015-07-14 00:00:00",1941
"2015-07-15 00:00:00",1916
"2015-07-16 00:00:00",1845
"2015-07-17 00:00:00",1843
"2015-07-18 00:00:00",1783
"2015-07-19 00:00:00",1772
"2015-07-20 00:00:00",1963
"2015-07-21 00:00:00",1915
"2015-07-22 00:00:00",1859
"2015-07-23 00:00:00",1857
"2015-07-24 00:00:00",1817
"2015-07-25 00:00:00",1759
"2015-07-26 00:00:00",1770
"2015-07-27 00:00:00",1769
"2015-07-28 00:00:00",1944
"2015-07-29 00:00:00",1852
"2015-07-30 00:00:00",1802
"2015-07-31 00:00:00",1880
"2015-08-01 00:00:00",1891
"2015-08-02 00:00:00",1845
"2015-08-03 00:00:00",1689
"2015-08-04 00:00:00",1715
"2015-08-05 00:00:00",1674
"2015-08-06 00:00:00",1892
"2015-08-07 00:00:00",1752
"2015-08-08 00:00:00",2123
"2015-08-09 00:00:00",2108
"2015-08-10 00:00:00",1979
"2015-08-11 00:00:00",1846
"2015-08-12 00:00:00",1774
"2015-08-13 00:00:00",1830
"2015-08-14 00:00:00",1886
"2015-08-15 00:00:00",2088
"2015-08-16 00:00:00",2105
"2015-08-17 00:00:00",2006
"2015-08-18 00:00:00",1867
"2015-08-19 00:00:00",1906
"2015-08-20 00:00:00",1826
"2015-08-21 00:00:00",1848
"2015-08-22 00:00:00",2156
"2015-08-23 00:00:00",2164
"2015-08-24 00:00:00",1838
"2015-08-25 00:00:00",1850
"2015-08-26 00:00:00",1833
"2015-08-27 00:00:00",1707
"2015-08-28 00:00:00",1887
"2015-08-29 00:00:00",2079
"2015-08-30 00:00:00",2158
"2015-08-31 00:00:00",1806
"2015-09-01 00:00:00",1743
"2015-09-02 00:00:00",1683
"2015-09-03 00:00:00",1698
"2015-09-04 00:00:00",1881
"2015-09-05 00:00:00",1492
"2015-09-06 00:00:00",2127
"2015-09-07 00:00:00",2024
"2015-09-08 00:00:00",1798
"2015-09-09 00:00:00",1727
"2015-09-10 00:00:00",1812
"2015-09-11 00:00:00",2059
"2015-09-12 00:00:00",2233
"2015-09-13 00:00:00",2277
"2015-09-14 00:00:00",1864
"2015-09-15 00:00:00",1737
"2015-09-16 00:00:00",1762
"2015-09-17 00:00:00",1733
"2015-09-18 00:00:00",1894
"2015-09-19 00:00:00",2223
"2015-09-20 00:00:00",2078
"2015-09-21 00:00:00",1632
"2015-09-22 00:00:00",1644
"2015-09-23 00:00:00",1671
"2015-09-24 00:00:00",1614
"2015-09-25 00:00:00",1911
"2015-09-26 00:00:00",2254
"2015-09-27 00:00:00",2155
"2015-09-28 00:00:00",1638
"2015-09-29 00:00:00",1638
"2015-09-30 00:00:00",1582
"2015-10-01 00:00:00",1536
"2015-10-02 00:00:00",1858
"2015-10-03 00:00:00",2130
"2015-10-04 00:00:00",2083
"2015-10-05 00:00:00",1642
"2015-10-06 00:00:00",1779
"2015-10-07 00:00:00",1832
"2015-10-08 00:00:00",1796
"2015-10-09 00:00:00",2076
"2015-10-10 00:00:00",2297
"2015-10-11 00:00:00",1605
"2015-10-12 00:00:00",2081
"2015-10-13 00:00:00",1863
"2015-10-14 00:00:00",1823
"2015-10-15 00:00:00",1827
"2015-10-16 00:00:00",2126
"2015-10-17 00:00:00",2207
"2015-10-18 00:00:00",2114
"2015-10-19 00:00:00",1659
"2015-10-20 00:00:00",1633
"2015-10-21 00:00:00",1671
"2015-10-22 00:00:00",1658
"2015-10-23 00:00:00",1966
"2015-10-24 00:00:00",2316
"2015-10-25 00:00:00",2288
"2015-10-26 00:00:00",1777
"2015-10-27 00:00:00",1729
"2015-10-28 00:00:00",1792
"2015-10-29 00:00:00",1830
"2015-10-30 00:00:00",2138
"2015-10-31 00:00:00",2141
"2015-11-01 00:00:00",2215
"2015-11-02 00:00:00",1977
"2015-11-03 00:00:00",1774
"2015-11-04 00:00:00",1718
"2015-11-05 00:00:00",1612
"2015-11-06 00:00:00",1928
"2015-11-07 00:00:00",2263
"2015-11-08 00:00:00",2291
"2015-11-09 00:00:00",1792
"2015-11-10 00:00:00",1817
"2015-11-11 00:00:00",1804
"2015-11-12 00:00:00",1792
"2015-11-13 00:00:00",2096
"2015-11-14 00:00:00",2298
"2015-11-15 00:00:00",2358
"2015-11-16 00:00:00",1829
"2015-11-17 00:00:00",1799
"2015-11-18 00:00:00",1741
"2015-11-19 00:00:00",1822
"2015-11-20 00:00:00",2107
"2015-11-21 00:00:00",2324
"2015-11-22 00:00:00",2272
"2015-11-23 00:00:00",1833
"2015-11-24 00:00:00",1889
"2015-11-25 00:00:00",1908
"2015-11-26 00:00:00",1918
"2015-11-27 00:00:00",2168
"2015-11-28 00:00:00",2317
"2015-11-29 00:00:00",2238
"2015-11-30 00:00:00",1981
"2015-12-01 00:00:00",1854
"2015-12-02 00:00:00",1825
"2015-12-03 00:00:00",1793
"2015-12-04 00:00:00",2514
"2015-12-05 00:00:00",2538
"2015-12-06 00:00:00",2527
"2015-12-07 00:00:00",2176
"2015-12-08 00:00:00",2173
"2015-12-09 00:00:00",2100
"2015-12-10 00:00:00",2153
"2015-12-11 00:00:00",2218
"2015-12-12 00:00:00",2376
"2015-12-13 00:00:00",2332
"2015-12-14 00:00:00",2103
"2015-12-15 00:00:00",2045
"2015-12-16 00:00:00",2079
"2015-12-17 00:00:00",2136
"2015-12-18 00:00:00",2247
"2015-12-19 00:00:00",2329
"2015-12-20 00:00:00",2222
"2015-12-21 00:00:00",2233
"2015-12-22 00:00:00",2253
"2015-12-23 00:00:00",2278
"2015-12-24 00:00:00",1898
"2015-12-25 00:00:00",1770
"2015-12-26 00:00:00",2026
"2015-12-27 00:00:00",2087
"2015-12-28 00:00:00",2305
"2015-12-29 00:00:00",2428
"2015-12-30 00:00:00",1633
"2015-12-31 00:00:00",2218
"2016-01-01 00:00:00",2447
"2016-01-02 00:00:00",2714
"2016-01-03 00:00:00",2670
"2016-01-04 00:00:00",2586
"2016-01-05 00:00:00",1736
"2016-01-06 00:00:00",2600
"2016-01-07 00:00:00",2541
"2016-01-08 00:00:00",2890
"2016-01-09 00:00:00",2984
"2016-01-10 00:00:00",2681
"2016-01-11 00:00:00",2475
"2016-01-12 00:00:00",2416
"2016-01-13 00:00:00",2439
"2016-01-14 00:00:00",2454
"2016-01-15 00:00:00",2716
"2016-01-16 00:00:00",2882
"2016-01-17 00:00:00",2639
"2016-01-18 00:00:00",2685
"2016-01-19 00:00:00",2483
"2016-01-20 00:00:00",2427
"2016-01-21 00:00:00",2441
"2016-01-22 00:00:00",2823
"2016-01-23 00:00:00",2945
"2016-01-24 00:00:00",2816
"2016-01-25 00:00:00",2619
"2016-01-26 00:00:00",2628
"2016-01-27 00:00:00",2584
"2016-01-28 00:00:00",2654
"2016-01-29 00:00:00",2846
"2016-01-30 00:00:00",2845
"2016-01-31 00:00:00",2616
"2016-02-01 00:00:00",2455
"2016-02-02 00:00:00",2281
"2016-02-03 00:00:00",2216
"2016-02-04 00:00:00",2303
"2016-02-05 00:00:00",2377
"2016-02-06 00:00:00",2693
"2016-02-07 00:00:00",2640
"2016-02-08 00:00:00",2033
"2016-02-09 00:00:00",2163
"2016-02-10 00:00:00",2172
"2016-02-11 00:00:00",2165
"2016-02-12 00:00:00",2271
"2016-02-13 00:00:00",2644
"2016-02-14 00:00:00",2601
"2016-02-15 00:00:00",2187
"2016-02-16 00:00:00",2069
"2016-02-17 00:00:00",2058
"2016-02-18 00:00:00",2047
"2016-02-19 00:00:00",2474
"2016-02-20 00:00:00",2763
"2016-02-21 00:00:00",2704
"2016-02-22 00:00:00",2272
"2016-02-23 00:00:00",2142
"2016-02-24 00:00:00",2147
"2016-02-25 00:00:00",2176
"2016-02-26 00:00:00",2579
"2016-02-27 00:00:00",2949
"2016-02-28 00:00:00",2620
"2016-02-29 00:00:00",2126
"2016-03-01 00:00:00",2150
"2016-03-02 00:00:00",2122
"2016-03-03 00:00:00",2047
"2016-03-04 00:00:00",2521
"2016-03-05 00:00:00",2814
"2016-03-06 00:00:00",2756
"2016-03-07 00:00:00",2120
"2016-03-08 00:00:00",2123
"2016-03-09 00:00:00",1972
"2016-03-10 00:00:00",1978
"2016-03-11 00:00:00",2507
"2016-03-12 00:00:00",2850
"2016-03-13 00:00:00",2740
"2016-03-14 00:00:00",1919
"2016-03-15 00:00:00",2059
"2016-03-16 00:00:00",1976
"2016-03-17 00:00:00",2014
"2016-03-18 00:00:00",2393
"2016-03-19 00:00:00",2747
"2016-03-20 00:00:00",2678
"2016-03-21 00:00:00",2138
"2016-03-22 00:00:00",2183
"2016-03-23 00:00:00",2179
"2016-03-24 00:00:00",2054
"2016-03-25 00:00:00",2601
"2016-03-26 00:00:00",2519
"2016-03-27 00:00:00",2482
"2016-03-28 00:00:00",2047
"2016-03-29 00:00:00",1944
"2016-03-30 00:00:00",1936
"2016-03-31 00:00:00",1797
"2016-04-01 00:00:00",2243
"2016-04-02 00:00:00",2357
"2016-04-03 00:00:00",2270
"2016-04-04 00:00:00",1763
"2016-04-05 00:00:00",1680
"2016-04-06 00:00:00",1646
"2016-04-07 00:00:00",1661
"2016-04-08 00:00:00",2013
"2016-04-09 00:00:00",2294
"2016-04-10 00:00:00",2201
"2016-04-11 00:00:00",1693
"2016-04-12 00:00:00",1621
"2016-04-13 00:00:00",1706
"2016-04-14 00:00:00",1598
"2016-04-15 00:00:00",1918
"2016-04-16 00:00:00",2262
"2016-04-17 00:00:00",2110
"2016-04-18 00:00:00",1725
"2016-04-19 00:00:00",1805
"2016-04-20 00:00:00",1726
"2016-04-21 00:00:00",1814
"2016-04-22 00:00:00",1909
"2016-04-23 00:00:00",2167
"2016-04-24 00:00:00",2110
"2016-04-25 00:00:00",1693
"2016-04-26 00:00:00",1665
"2016-04-27 00:00:00",1604
"2016-04-28 00:00:00",1602
"2016-04-29 00:00:00",1889
"2016-04-30 00:00:00",2180
"2016-05-01 00:00:00",2144
"2016-05-02 00:00:00",1682
"2016-05-03 00:00:00",1619
"2016-05-04 00:00:00",1518
"2016-05-05 00:00:00",1474
"2016-05-06 00:00:00",1750
"2016-05-07 00:00:00",1970
"2016-05-08 00:00:00",1843
"2016-05-09 00:00:00",1521
"2016-05-10 00:00:00",1418
"2016-05-11 00:00:00",1419
"2016-05-12 00:00:00",1370
"2016-05-13 00:00:00",1734
"2016-05-14 00:00:00",2023
"2016-05-15 00:00:00",1920
"2016-05-16 00:00:00",1535
"2016-05-17 00:00:00",1463
"2016-05-18 00:00:00",1477
"2016-05-19 00:00:00",1413
"2016-05-20 00:00:00",1634
"2016-05-21 00:00:00",1821
"2016-05-22 00:00:00",1787
"2016-05-23 00:00:00",1455
"2016-05-24 00:00:00",1412
"2016-05-25 00:00:00",1496
"2016-05-26 00:00:00",1580
"2016-05-27 00:00:00",1942
"2016-05-28 00:00:00",1871
"2016-05-29 00:00:00",1866
"2016-05-30 00:00:00",1656
"2016-05-31 00:00:00",1476
"2016-06-01 00:00:00",1486
"2016-06-02 00:00:00",1463
"2016-06-03 00:00:00",1656
"2016-06-04 00:00:00",1869
"2016-06-05 00:00:00",1962
"2016-06-06 00:00:00",1533
"2016-06-07 00:00:00",1531
"2016-06-08 00:00:00",1525
"2016-06-09 00:00:00",1497
"2016-06-10 00:00:00",1848
"2016-06-11 00:00:00",2025
"2016-06-12 00:00:00",2047
"2016-06-13 00:00:00",1876
"2016-06-14 00:00:00",1755
"2016-06-15 00:00:00",1741
"2016-06-16 00:00:00",1785
"2016-06-17 00:00:00",1817
"2016-06-18 00:00:00",1940
"2016-06-19 00:00:00",1882
"2016-06-20 00:00:00",1750
"2016-06-21 00:00:00",1718
"2016-06-22 00:00:00",1712
"2016-06-23 00:00:00",1700
"2016-06-24 00:00:00",1823
"2016-06-25 00:00:00",1828
"2016-06-26 00:00:00",1897
"2016-06-27 00:00:00",1850
"2016-06-28 00:00:00",1820
"2016-06-29 00:00:00",1775
"2016-06-30 00:00:00",1799
"2016-07-01 00:00:00",1981
"2016-07-02 00:00:00",1983
"2016-07-03 00:00:00",2054
"2016-07-04 00:00:00",1974
"2016-07-05 00:00:00",1888
"2016-07-06 00:00:00",1914
"2016-07-07 00:00:00",1890
"2016-07-08 00:00:00",1977
"2016-07-09 00:00:00",1928
"2016-07-10 00:00:00",1895
"2016-07-11 00:00:00",1877
"2016-07-12 00:00:00",1906
"2016-07-13 00:00:00",1863
"2016-07-14 00:00:00",1535
"2016-07-15 00:00:00",1832
"2016-07-16 00:00:00",1868
"2016-07-17 00:00:00",1878
"2016-07-18 00:00:00",1913
"2016-07-19 00:00:00",1888
"2016-07-20 00:00:00",1944
"2016-07-21 00:00:00",1950
"2016-07-22 00:00:00",1902
"2016-07-23 00:00:00",1694
"2016-07-24 00:00:00",1691
"2016-07-25 00:00:00",1860
"2016-07-26 00:00:00",1821
"2016-07-27 00:00:00",1856
"2016-07-28 00:00:00",1905
"2016-07-29 00:00:00",1995
"2016-07-30 00:00:00",1954
"2016-07-31 00:00:00",1997
"2016-08-01 00:00:00",1875
"2016-08-02 00:00:00",1916
"2016-08-03 00:00:00",1792
"2016-08-04 00:00:00",1758
"2016-08-05 00:00:00",1829
"2016-08-06 00:00:00",1889
"2016-08-07 00:00:00",1946
"2016-08-08 00:00:00",1574
"2016-08-09 00:00:00",1723
"2016-08-10 00:00:00",1737
"2016-08-11 00:00:00",1787
"2016-08-12 00:00:00",1802
"2016-08-13 00:00:00",1984
"2016-08-14 00:00:00",1915
"2016-08-15 00:00:00",1891
"2016-08-16 00:00:00",1811
"2016-08-17 00:00:00",1748
"2016-08-18 00:00:00",1720
"2016-08-19 00:00:00",1830
"2016-08-20 00:00:00",1961
"2016-08-21 00:00:00",2018
"2016-08-22 00:00:00",1740
"2016-08-23 00:00:00",1616
"2016-08-24 00:00:00",1737
"2016-08-25 00:00:00",1710
"2016-08-26 00:00:00",1781
"2016-08-27 00:00:00",1935
"2016-08-28 00:00:00",1997
"2016-08-29 00:00:00",1868
"2016-08-30 00:00:00",1840
"2016-08-31 00:00:00",1730
"2016-09-01 00:00:00",1638
"2016-09-02 00:00:00",1931
"2016-09-03 00:00:00",2242
"2016-09-04 00:00:00",2158
"2016-09-05 00:00:00",1891
"2016-09-06 00:00:00",1713
"2016-09-07 00:00:00",1896
"2016-09-08 00:00:00",1679
"2016-09-09 00:00:00",1864
"2016-09-10 00:00:00",2045
"2016-09-11 00:00:00",2097
"2016-09-12 00:00:00",1546
"2016-09-13 00:00:00",1553
"2016-09-14 00:00:00",1370
"2016-09-15 00:00:00",1577
"2016-09-16 00:00:00",1753
"2016-09-17 00:00:00",1967
"2016-09-18 00:00:00",2013
"2016-09-19 00:00:00",1517
"2016-09-20 00:00:00",1502
"2016-09-21 00:00:00",1456
"2016-09-22 00:00:00",1504
"2016-09-23 00:00:00",1695
"2016-09-24 00:00:00",1988
"2016-09-25 00:00:00",1911
"2016-09-26 00:00:00",1390
"2016-09-27 00:00:00",1433
"2016-09-28 00:00:00",1390
"2016-09-29 00:00:00",1399
"2016-09-30 00:00:00",1704
"2016-10-01 00:00:00",1890
"2016-10-02 00:00:00",1855
"2016-10-03 00:00:00",1418
"2016-10-04 00:00:00",1414
"2016-10-05 00:00:00",1377
"2016-10-06 00:00:00",1380
"2016-10-07 00:00:00",1653
"2016-10-08 00:00:00",1931
"2016-10-09 00:00:00",1787
"2016-10-10 00:00:00",1599
"2016-10-11 00:00:00",1455
"2016-10-12 00:00:00",1472
"2016-10-13 00:00:00",1450
"2016-10-14 00:00:00",1878
"2016-10-15 00:00:00",2080
"2016-10-16 00:00:00",2028
"2016-10-17 00:00:00",1639
"2016-10-18 00:00:00",1507
"2016-10-19 00:00:00",1589
"2016-10-20 00:00:00",1552
"2016-10-21 00:00:00",1832
"2016-10-22 00:00:00",2035
"2016-10-23 00:00:00",2035
"2016-10-24 00:00:00",1600
"2016-10-25 00:00:00",1540
"2016-10-26 00:00:00",1522
"2016-10-27 00:00:00",1569
"2016-10-28 00:00:00",1780
"2016-10-29 00:00:00",1998
"2016-10-30 00:00:00",1982
"2016-10-31 00:00:00",1590
"2016-11-01 00:00:00",1664
"2016-11-02 00:00:00",1764
"2016-11-03 00:00:00",1638
"2016-11-04 00:00:00",1885
"2016-11-05 00:00:00",2148
"2016-11-06 00:00:00",2019
"2016-11-07 00:00:00",1563
"2016-11-08 00:00:00",1532
"2016-11-09 00:00:00",1424
"2016-11-10 00:00:00",1515
"2016-11-11 00:00:00",1819
"2016-11-12 00:00:00",2095
"2016-11-13 00:00:00",2040
"2016-11-14 00:00:00",1735
"2016-11-15 00:00:00",1624
"2016-11-16 00:00:00",1457
"2016-11-17 00:00:00",1474
"2016-11-18 00:00:00",1756
"2016-11-19 00:00:00",1996
"2016-11-20 00:00:00",1929
"2016-11-21 00:00:00",1500
"2016-11-22 00:00:00",1530
"2016-11-23 00:00:00",1528
"2016-11-24 00:00:00",1649
"2016-11-25 00:00:00",1955
"2016-11-26 00:00:00",2063
"2016-11-27 00:00:00",2014
"2016-11-28 00:00:00",1708
"2016-11-29 00:00:00",1610
"2016-11-30 00:00:00",1644
"2016-12-01 00:00:00",1659
"2016-12-02 00:00:00",2092
"2016-12-03 00:00:00",2402
"2016-12-04 00:00:00",2387
"2016-12-05 00:00:00",1955
"2016-12-06 00:00:00",1922
"2016-12-07 00:00:00",1825
"2016-12-08 00:00:00",1916
"2016-12-09 00:00:00",2120
"2016-12-10 00:00:00",2242
"2016-12-11 00:00:00",2106
"2016-12-12 00:00:00",1878
"2016-12-13 00:00:00",1833
"2016-12-14 00:00:00",1879
"2016-12-15 00:00:00",1803
"2016-12-16 00:00:00",2031
"2016-12-17 00:00:00",2025
"2016-12-18 00:00:00",1999
"2016-12-19 00:00:00",1981
"2016-12-20 00:00:00",1997
"2016-12-21 00:00:00",1977
"2016-12-22 00:00:00",2033
"2016-12-23 00:00:00",1668
"2016-12-24 00:00:00",1665
"2016-12-25 00:00:00",1550
"2016-12-26 00:00:00",1901
"2016-12-27 00:00:00",2011
"2016-12-28 00:00:00",2049
"2016-12-29 00:00:00",2151
"2016-12-30 00:00:00",2163
"2016-12-31 00:00:00",1937
"2017-01-01 00:00:00",1894
"2017-01-02 00:00:00",2100
"2017-01-03 00:00:00",1974
"2017-01-04 00:00:00",2056
"2017-01-05 00:00:00",1997
"2017-01-06 00:00:00",2160
"2017-01-07 00:00:00",2309
"2017-01-08 00:00:00",2038
"2017-01-09 00:00:00",1908
"2017-01-10 00:00:00",2001
"2017-01-11 00:00:00",1782
"2017-01-12 00:00:00",1840
"2017-01-13 00:00:00",2165
"2017-01-14 00:00:00",2251
"2017-01-15 00:00:00",2045
"2017-01-16 00:00:00",2048
"2017-01-17 00:00:00",2078
"2017-01-18 00:00:00",1953
"2017-01-19 00:00:00",1972
"2017-01-20 00:00:00",2072
"2017-01-21 00:00:00",2207
"2017-01-22 00:00:00",2086
"2017-01-23 00:00:00",1993
"2017-01-24 00:00:00",1929
"2017-01-25 00:00:00",1872
"2017-01-26 00:00:00",1911
"2017-01-27 00:00:00",2072
"2017-01-28 00:00:00",2224
"2017-01-29 00:00:00",2050
"2017-01-30 00:00:00",1929
"2017-01-31 00:00:00",1996
"2017-02-01 00:00:00",1930
"2017-02-02 00:00:00",1971
"2017-02-03 00:00:00",2010
"2017-02-04 00:00:00",2149
"2017-02-05 00:00:00",2142
"2017-02-06 00:00:00",1872
"2017-02-07 00:00:00",1811
"2017-02-08 00:00:00",1818
"2017-02-09 00:00:00",1775
"2017-02-10 00:00:00",1958
"2017-02-11 00:00:00",2318
"2017-02-12 00:00:00",2224
"2017-02-13 00:00:00",1802
"2017-02-14 00:00:00",1791
"2017-02-15 00:00:00",1652
"2017-02-16 00:00:00",1710
"2017-02-17 00:00:00",1944
"2017-02-18 00:00:00",2060
"2017-02-19 00:00:00",2065
"2017-02-20 00:00:00",1579
"2017-02-21 00:00:00",1680
"2017-02-22 00:00:00",1651
"2017-02-23 00:00:00",1660
"2017-02-24 00:00:00",1958
"2017-02-25 00:00:00",2066
"2017-02-26 00:00:00",2049
"2017-02-27 00:00:00",1760
"2017-02-28 00:00:00",1725
"2017-03-01 00:00:00",1713
"2017-03-02 00:00:00",1767
"2017-03-03 00:00:00",1875
"2017-03-04 00:00:00",2134
"2017-03-05 00:00:00",2010
"2017-03-06 00:00:00",1530
"2017-03-07 00:00:00",1534
"2017-03-08 00:00:00",1521
"2017-03-09 00:00:00",1404
"2017-03-10 00:00:00",1683
"2017-03-11 00:00:00",2080
"2017-03-12 00:00:00",1964
"2017-03-13 00:00:00",1498
"2017-03-14 00:00:00",1513
"2017-03-15 00:00:00",1564
"2017-03-16 00:00:00",1450
"2017-03-17 00:00:00",1713
"2017-03-18 00:00:00",2071
"2017-03-19 00:00:00",1977
"2017-03-20 00:00:00",1568
"2017-03-21 00:00:00",1150
"2017-03-22 00:00:00",312
"2017-03-23 00:00:00",1397
"2017-03-24 00:00:00",1738
"2017-03-25 00:00:00",1985
"2017-03-26 00:00:00",1838
"2017-03-27 00:00:00",1447
"2017-03-28 00:00:00",1434
"2017-03-29 00:00:00",1387
"2017-03-30 00:00:00",1423
"2017-03-31 00:00:00",1603
"2017-04-01 00:00:00",1884
"2017-04-02 00:00:00",1874
"2017-04-03 00:00:00",1364
"2017-04-04 00:00:00",1364
"2017-04-05 00:00:00",1386
"2017-04-06 00:00:00",1446
"2017-04-07 00:00:00",1594
"2017-04-08 00:00:00",1867
"2017-04-09 00:00:00",1800
"2017-04-10 00:00:00",1380
"2017-04-11 00:00:00",1395
"2017-04-12 00:00:00",1472
"2017-04-13 00:00:00",1743
"2017-04-14 00:00:00",1884
"2017-04-15 00:00:00",1878
"2017-04-16 00:00:00",1862
"2017-04-17 00:00:00",1643
"2017-04-18 00:00:00",1493
"2017-04-19 00:00:00",1509
"2017-04-20 00:00:00",1630
"2017-04-21 00:00:00",1755
"2017-04-22 00:00:00",2007
"2017-04-23 00:00:00",1932
"2017-04-24 00:00:00",1487
"2017-04-25 00:00:00",1374
"2017-04-26 00:00:00",1329
"2017-04-27 00:00:00",1329
"2017-04-28 00:00:00",1618
"2017-04-29 00:00:00",1713
"2017-04-30 00:00:00",1760
"2017-05-01 00:00:00",1762
"2017-05-02 00:00:00",1575
"2017-05-03 00:00:00",1518
"2017-05-04 00:00:00",1469
"2017-05-05 00:00:00",1721
"2017-05-06 00:00:00",1901
"2017-05-07 00:00:00",1920
"2017-05-08 00:00:00",1504
"2017-05-09 00:00:00",1388
"2017-05-10 00:00:00",1414
"2017-05-11 00:00:00",1390
"2017-05-12 00:00:00",1595
"2017-05-13 00:00:00",1889
"2017-05-14 00:00:00",1716
"2017-05-15 00:00:00",1453
"2017-05-16 00:00:00",1367
"2017-05-17 00:00:00",1357
"2017-05-18 00:00:00",1343
"2017-05-19 00:00:00",1523
"2017-05-20 00:00:00",1785
"2017-05-21 00:00:00",1714
"2017-05-22 00:00:00",1355
"2017-05-23 00:00:00",1342
"2017-05-24 00:00:00",1384
"2017-05-25 00:00:00",1370
"2017-05-26 00:00:00",1536
"2017-05-27 00:00:00",1766
"2017-05-28 00:00:00",1684
"2017-05-29 00:00:00",1454
"2017-05-30 00:00:00",1483
"2017-05-31 00:00:00",1516
"2017-06-01 00:00:00",1485
"2017-06-02 00:00:00",1629
"2017-06-03 00:00:00",1862
"2017-06-04 00:00:00",1841
"2017-06-05 00:00:00",1664
"2017-06-06 00:00:00",1589
"2017-06-07 00:00:00",1582
"2017-06-08 00:00:00",1552
"2017-06-09 00:00:00",1649
"2017-06-10 00:00:00",1840
"2017-06-11 00:00:00",1809
"2017-06-12 00:00:00",1560
"2017-06-13 00:00:00",1590
"2017-06-14 00:00:00",1636
"2017-06-15 00:00:00",1726
"2017-06-16 00:00:00",1791
"2017-06-17 00:00:00",1797
"2017-06-18 00:00:00",1772
"2017-06-19 00:00:00",1549
"2017-06-20 00:00:00",1620
"2017-06-21 00:00:00",1674
"2017-06-22 00:00:00",1595
"2017-06-23 00:00:00",1640
"2017-06-24 00:00:00",1648
"2017-06-25 00:00:00",1584
"2017-06-26 00:00:00",1563
"2017-06-27 00:00:00",1586
"2017-06-28 00:00:00",1668
"2017-06-29 00:00:00",1650
"2017-06-30 00:00:00",1813
"2017-07-01 00:00:00",1740
"2017-07-02 00:00:00",1811
"2017-07-03 00:00:00",1756
"2017-07-04 00:00:00",1724
"2017-07-05 00:00:00",1771
"2017-07-06 00:00:00",1731
"2017-07-07 00:00:00",1807
"2017-07-08 00:00:00",1764
"2017-07-09 00:00:00",1706
"2017-07-10 00:00:00",1790
"2017-07-11 00:00:00",1623
"2017-07-12 00:00:00",1600
"2017-07-13 00:00:00",1612
"2017-07-14 00:00:00",1613
"2017-07-15 00:00:00",1590
"2017-07-16 00:00:00",1592
"2017-07-17 00:00:00",1627
"2017-07-18 00:00:00",1635
"2017-07-19 00:00:00",1678
"2017-07-20 00:00:00",1622
"2017-07-21 00:00:00",1665
"2017-07-22 00:00:00",1549
"2017-07-23 00:00:00",1611
"2017-07-24 00:00:00",1640
"2017-07-25 00:00:00",1607
"2017-07-26 00:00:00",1632
"2017-07-27 00:00:00",1650
"2017-07-28 00:00:00",1704
"2017-07-29 00:00:00",1655
"2017-07-30 00:00:00",1663
"2017-07-31 00:00:00",1622
"2017-08-01 00:00:00",1494
"2017-08-02 00:00:00",1476
"2017-08-03 00:00:00",1470
"2017-08-04 00:00:00",1475
"2017-08-05 00:00:00",1560
"2017-08-06 00:00:00",1556
"2017-08-07 00:00:00",1425
"2017-08-08 00:00:00",1413
"2017-08-09 00:00:00",1387
"2017-08-10 00:00:00",1369
"2017-08-11 00:00:00",1418
"2017-08-12 00:00:00",1571
"2017-08-13 00:00:00",1535
"2017-08-14 00:00:00",1489
"2017-08-15 00:00:00",1415
"2017-08-16 00:00:00",1424
"2017-08-17 00:00:00",1441
"2017-08-18 00:00:00",1473
"2017-08-19 00:00:00",1630
"2017-08-20 00:00:00",1600
"2017-08-21 00:00:00",1438
"2017-08-22 00:00:00",1342,8
"2017-08-23 00:00:00",1359,46
"2017-08-24 00:00:00",1382,200
"2017-08-25 00:00:00",1409,2
"2017-08-26 00:00:00",1497,125
"2017-08-27 00:00:00",1569,12
"2017-08-28 00:00:00",1356,11
"2017-08-29 00:00:00",1336,7
"2017-08-30 00:00:00",1337,2
"2017-08-31 00:00:00",1321,8
"2017-09-01 00:00:00",1365,7
"2017-09-02 00:00:00",1526,1
"2017-09-03 00:00:00",1551,5
"2017-09-04 00:00:00",1447,4
"2017-09-05 00:00:00",1254,1
"2017-09-06 00:00:00",1309,3
"2017-09-07 00:00:00",1331,13
"2017-09-08 00:00:00",1408,1
"2017-09-09 00:00:00",1612,4
"2017-09-10 00:00:00",1469,145
"2017-09-11 00:00:00",1238,10
"2017-09-12 00:00:00",1158,7
"2017-09-13 00:00:00",1155,30
"2017-09-14 00:00:00",1123,1
"2017-09-15 00:00:00",1262,5
"2017-09-16 00:00:00",1474,413
"2017-09-17 00:00:00",1367,31
"2017-09-18 00:00:00",1062,7
"2017-09-19 00:00:00",1037,1
"2017-09-20 00:00:00",1070,2
"2017-09-21 00:00:00",1090,6
"2017-09-22 00:00:00",1239,1
"2017-09-23 00:00:00",1490,3
"2017-09-24 00:00:00",1348,2
"2017-09-25 00:00:00",1053,3
"2017-09-26 00:00:00",1043,2
"2017-09-27 00:00:00",1062,1
"2017-09-28 00:00:00",1018,81
"2017-09-29 00:00:00",1309,3
"2017-09-30 00:00:00",1695,2
"2017-10-01 00:00:00",1501,4
"2017-10-02 00:00:00",1176,3
"2017-10-03 00:00:00",1165,19
"2017-10-04 00:00:00",1211,2
"2017-10-05 00:00:00",1176,9
"2017-10-06 00:00:00",1394,9
"2017-10-07 00:00:00",1628,10
"2017-10-08 00:00:00",1600,1
"2017-10-09 00:00:00",1355,2
"2017-10-10 00:00:00",1192,0
"2017-10-11 00:00:00",1228,12
"2017-10-12 00:00:00",1288,64
"2017-10-13 00:00:00",1428,63
"2017-10-14 00:00:00",1561,8
"2017-10-15 00:00:00",1491,164
"2017-10-16 00:00:00",1138,1
"2017-10-17 00:00:00",1073,0
"2017-10-18 00:00:00",1070,4
"2017-10-19 00:00:00",1067,3
"2017-10-20 00:00:00",1290,0
"2017-10-21 00:00:00",1456,14
"2017-10-22 00:00:00",1468,35
"2017-10-23 00:00:00",1128,1
"2017-10-24 00:00:00",1123,2
"2017-10-25 00:00:00",1079,8
"2017-10-26 00:00:00",1088,36
"2017-10-27 00:00:00",1338,4
"2017-10-28 00:00:00",1500,4
"2017-10-29 00:00:00",1485,1
"2017-10-30 00:00:00",1174,4
"2017-10-31 00:00:00",1201,5
"2017-11-01 00:00:00",1257,5
"2017-11-02 00:00:00",1357,1
"2017-11-03 00:00:00",1508,31
"2017-11-04 00:00:00",1631,1
"2017-11-05 00:00:00",1636,88
"2017-11-06 00:00:00",1206,4
"2017-11-07 00:00:00",1091,5
"2017-11-08 00:00:00",1163,14
"2017-11-09 00:00:00",1136,4
"2017-11-10 00:00:00",1364,7
"2017-11-11 00:00:00",1549,21
"2017-11-12 00:00:00",1469,69
"2017-11-13 00:00:00",1174,6
"2017-11-14 00:00:00",1140,1
"2017-11-15 00:00:00",1245,3
"2017-11-16 00:00:00",1150,147
"2017-11-17 00:00:00",1303,17
"2017-11-18 00:00:00",1545,28
"2017-11-19 00:00:00",1484,3
"2017-11-20 00:00:00",1269,4
"2017-11-21 00:00:00",1156,8
"2017-11-22 00:00:00",1199,6
"2017-11-23 00:00:00",1185,3
"2017-11-24 00:00:00",1372,1
"2017-11-25 00:00:00",1529,69
"2017-11-26 00:00:00",1473,3
"2017-11-27 00:00:00",1191,4
"2017-11-28 00:00:00",1191,4
"2017-11-29 00:00:00",1237,69
"2017-11-30 00:00:00",1197,2
"2017-12-01 00:00:00",1674,19
"2017-12-02 00:00:00",1797,8
"2017-12-03 00:00:00",1751,34
"2017-12-04 00:00:00",1466,9
"2017-12-05 00:00:00",1456,10
"2017-12-06 00:00:00",1432,4
"2017-12-07 00:00:00",1417,12
"2017-12-08 00:00:00",1670,3
"2017-12-09 00:00:00",1757,17
"2017-12-10 00:00:00",1657,18
"2017-12-11 00:00:00",1547,31
"2017-12-12 00:00:00",1471,5
"2017-12-13 00:00:00",1421,22
"2017-12-14 00:00:00",1445,43
"2017-12-15 00:00:00",1650,21
"2017-12-16 00:00:00",1684,3
"2017-12-17 00:00:00",1661,5
"2017-12-18 00:00:00",1589,8
"2017-12-19 00:00:00",1544,14
"2017-12-20 00:00:00",1590,100
"2017-12-21 00:00:00",1648,5
"2017-12-22 00:00:00",1856,32
"2017-12-23 00:00:00",1671,1
"2017-12-24 00:00:00",1538,13
"2017-12-25 00:00:00",1543,235
"2017-12-26 00:00:00",1626,8
"2017-12-27 00:00:00",1736,6
"2017-12-28 00:00:00",1810,10
"2017-12-29 00:00:00",1906,51
"2017-12-30 00:00:00",1855,56
"2017-12-31 00:00:00",1611,4
"2018-01-01 00:00:00",1634,6
"2018-01-02 00:00:00",1719,4
"2018-01-03 00:00:00",1724,7
"2018-01-04 00:00:00",1738,4
"2018-01-05 00:00:00",1758,16
"2018-01-06 00:00:00",1779,11
"2018-01-07 00:00:00",1762,5
"2018-01-08 00:00:00",1720,5
"2018-01-09 00:00:00",1654,4
"2018-01-10 00:00:00",1556,4
"2018-01-11 00:00:00",1599,5
"2018-01-12 00:00:00",1723,44
"2018-01-13 00:00:00",1798,3
"2018-01-14 00:00:00",1644,17
"2018-01-15 00:00:00",1660,6
"2018-01-16 00:00:00",1622,19
"2018-01-17 00:00:00",1634,8
"2018-01-18 00:00:00",1584,12
"2018-01-19 00:00:00",1684,6
"2018-01-20 00:00:00",1730,15
"2018-01-21 00:00:00",1662,4
"2018-01-22 00:00:00",1559,4
"2018-01-23 00:00:00",1675,5
"2018-01-24 00:00:00",1552,32
"2018-01-25 00:00:00",1652,5
"2018-01-26 00:00:00",1787,4
"2018-01-27 00:00:00",1763,7
"2018-01-28 00:00:00",1694,4
"2018-01-29 00:00:00",1603,6
"2018-01-30 00:00:00",1660,4
"2018-01-31 00:00:00",1626,24
"2018-02-01 00:00:00",1609,2
"2018-02-02 00:00:00",1828,9
"2018-02-03 00:00:00",1889,6
"2018-02-04 00:00:00",1861,6
"2018-02-05 00:00:00",1584,2
"2018-02-06 00:00:00",1565,49
"2018-02-07 00:00:00",1613,47
"2018-02-08 00:00:00",1548,2
"2018-02-09 00:00:00",1702,8
"2018-02-10 00:00:00",1806,33
"2018-02-11 00:00:00",1746,6
"2018-02-12 00:00:00",1652,3
"2018-02-13 00:00:00",1613,2
"2018-02-14 00:00:00",1603,48
"2018-02-15 00:00:00",1540,4
"2018-02-16 00:00:00",1835,16
"2018-02-17 00:00:00",1927,6
"2018-02-18 00:00:00",1823,51
"2018-02-19 00:00:00",1600,9
"2018-02-20 00:00:00",1524,24
"2018-02-21 00:00:00",1550,4
"2018-02-22 00:00:00",1618,9
"2018-02-23 00:00:00",1679,7
"2018-02-24 00:00:00",1899,2
"2018-02-25 00:00:00",1819,4
"2018-02-26 00:00:00",1468,2
"2018-02-27 00:00:00",1463,1
"2018-02-28 00:00:00",1442,1
"2018-03-01 00:00:00",1457,5
"2018-03-02 00:00:00",1657,5
"2018-03-03 00:00:00",1801,24
"2018-03-04 00:00:00",1697,4
"2018-03-05 00:00:00",1446,7
"2018-03-06 00:00:00",1349,2
"2018-03-07 00:00:00",1281,4
"2018-03-08 00:00:00",1403,61
"2018-03-09 00:00:00",1529,4
"2018-03-10 00:00:00",1708,36
"2018-03-11 00:00:00",1642,288
"2018-03-12 00:00:00",1460,4
"2018-03-13 00:00:00",1328,5
"2018-03-14 00:00:00",1282,4
"2018-03-15 00:00:00",1405,12
"2018-03-16 00:00:00",1580,4
"2018-03-17 00:00:00",1817,5
"2018-03-18 00:00:00",1725,4
"2018-03-19 00:00:00",1352,3
"2018-03-20 00:00:00",1347,5
"2018-03-21 00:00:00",1244,205
"2018-03-22 00:00:00",1307,185
"2018-03-23 00:00:00",1366,6
"2018-03-24 00:00:00",1604,5
"2018-03-25 00:00:00",1562,12
"2018-03-26 00:00:00",1283,190
"2018-03-27 00:00:00",1249,179
"2018-03-28 00:00:00",1366,6
"2018-03-29 00:00:00",1553,9
"2018-03-30 00:00:00",1526,10
"2018-03-31 00:00:00",1529,12
"2018-04-01 00:00:00",1549,5
"2018-04-02 00:00:00",1362,9
"2018-04-03 00:00:00",1206,10
"2018-04-04 00:00:00",1220,3
"2018-04-05 00:00:00",1227,5
"2018-04-06 00:00:00",1328,3
"2018-04-07 00:00:00",1492,10
"2018-04-08 00:00:00",1486,9
"2018-04-09 00:00:00",1161,3
"2018-04-10 00:00:00",1082,3
"2018-04-11 00:00:00",1109,3
"2018-04-12 00:00:00",1100,4
"2018-04-13 00:00:00",1186,6
"2018-04-14 00:00:00",1359,7
"2018-04-15 00:00:00",1338,3
"2018-04-16 00:00:00",1082,12
"2018-04-17 00:00:00",1037,13
"2018-04-18 00:00:00",1003,13
"2018-04-19 00:00:00",1013,21
"2018-04-20 00:00:00",1189,3
"2018-04-21 00:00:00",1324,9
"2018-04-22 00:00:00",1318,13
"2018-04-23 00:00:00",1027,9
"2018-04-24 00:00:00",1019,2
"2018-04-25 00:00:00",988,9
"2018-04-26 00:00:00",1023,2
"2018-04-27 00:00:00",1177,4
"2018-04-28 00:00:00",1403,5
"2018-04-29 00:00:00",1426,138
"2018-04-30 00:00:00",1425,4
"2018-05-01 00:00:00",1347,9
"2018-05-02 00:00:00",1146,4
"2018-05-03 00:00:00",1127,4
"2018-05-04 00:00:00",1226,8
"2018-05-05 00:00:00",1367,9
"2018-05-06 00:00:00",1294,7
"2018-05-07 00:00:00",1040,10
"2018-05-08 00:00:00",1004,7
"2018-05-09 00:00:00",1029,9
"2018-05-10 00:00:00",1063,8
"2018-05-11 00:00:00",1108,4
"2018-05-12 00:00:00",1277,10
"2018-05-13 00:00:00",1193,20
"2018-05-14 00:00:00",1033,4
"2018-05-15 00:00:00",995,4
"2018-05-16 00:00:00",918,4
"2018-05-17 00:00:00",988,3
"2018-05-18 00:00:00",1248,10
"2018-05-19 00:00:00",1344,9
"2018-05-20 00:00:00",1363,10
"2018-05-21 00:00:00",1156,296
"2018-05-22 00:00:00",1118,12
"2018-05-23 00:00:00",1124,3
"2018-05-24 00:00:00",1094,3
"2018-05-25 00:00:00",1293,14
"2018-05-26 00:00:00",1344,20
"2018-05-27 00:00:00",1438,15
"2018-05-28 00:00:00",1275,5
"2018-05-29 00:00:00",1188,4
"2018-05-30 00:00:00",1282,3
"2018-05-31 00:00:00",1329,7
"2018-06-01 00:00:00",1272,10
"2018-06-02 00:00:00",1394,3
"2018-06-03 00:00:00",1379,7
"2018-06-04 00:00:00",1126,9
"2018-06-05 00:00:00",1170,17
"2018-06-06 00:00:00",1103,7
"2018-06-07 00:00:00",1099,13
"2018-06-08 00:00:00",1168,4
"2018-06-09 00:00:00",1306,3
"2018-06-10 00:00:00",1364,7
"2018-06-11 00:00:00",1138,4
"2018-06-12 00:00:00",1152,5
"2018-06-13 00:00:00",1213,8
"2018-06-14 00:00:00",1155,99
"2018-06-15 00:00:00",1160,8
"2018-06-16 00:00:00",1335,3
"2018-06-17 00:00:00",1336,14
"2018-06-18 00:00:00",1235,4
"2018-06-19 00:00:00",1239,3
"2018-06-20 00:00:00",1279,4
"2018-06-21 00:00:00",1282,46
"2018-06-22 00:00:00",1408,9
"2018-06-23 00:00:00",1370,2
"2018-06-24 00:00:00",1393,8
"2018-06-25 00:00:00",1331,639
"2018-06-26 00:00:00",1304,16
"2018-06-27 00:00:00",1328,15
"2018-06-28 00:00:00",1441,38
"2018-06-29 00:00:00",1496,9
"2018-06-30 00:00:00",1450,11
"2018-07-01 00:00:00",1485,13
"2018-07-02 00:00:00",1420,6
"2018-07-03 00:00:00",1373,5
"2018-07-04 00:00:00",1397,6
"2018-07-05 00:00:00",1333,6
"2018-07-06 00:00:00",1396,6
"2018-07-07 00:00:00",1329,3
"2018-07-08 00:00:00",1368,7
"2018-07-09 00:00:00",1420,1017
"2018-07-10 00:00:00",1335,7
"2018-07-11 00:00:00",1285,17
"2018-07-12 00:00:00",1384,38
"2018-07-13 00:00:00",1318,6
"2018-07-14 00:00:00",1365,3
"2018-07-15 00:00:00",1441,9
"2018-07-16 00:00:00",1396,10
"2018-07-17 00:00:00",1438,6
"2018-07-18 00:00:00",1450,18
"2018-07-19 00:00:00",1458,7
"2018-07-20 00:00:00",1461,7
"2018-07-21 00:00:00",1404,53
"2018-07-22 00:00:00",1452,8
"2018-07-23 00:00:00",1423,7
"2018-07-24 00:00:00",1396,139
"2018-07-25 00:00:00",1351,6
"2018-07-26 00:00:00",1429,108
"2018-07-27 00:00:00",1399,2924
"2018-07-28 00:00:00",1362,61
"2018-07-29 00:00:00",1350,7
"2018-07-30 00:00:00",1288,6
"2018-07-31 00:00:00",1369,9
"2018-08-01 00:00:00",1302,5
"2018-08-02 00:00:00",1278,6
"2018-08-03 00:00:00",1338,3
"2018-08-04 00:00:00",1384,7
"2018-08-05 00:00:00",1331,10
"2018-08-06 00:00:00",1296,48
"2018-08-07 00:00:00",1244,7
"2018-08-08 00:00:00",1223,2
"2018-08-09 00:00:00",1245,10
"2018-08-10 00:00:00",1218,8
"2018-08-11 00:00:00",1298,6
"2018-08-12 00:00:00",1290,2
"2018-08-13 00:00:00",1209,7
"2018-08-14 00:00:00",1211,2
"2018-08-15 00:00:00",1131,3
"2018-08-16 00:00:00",1152,3
"2018-08-17 00:00:00",1172,2
"2018-08-18 00:00:00",1250,3
"2018-08-19 00:00:00",1286,4
"2018-08-20 00:00:00",1128,9
"2018-08-21 00:00:00",1080,6
"2018-08-22 00:00:00",1067,59
"2018-08-23 00:00:00",1057,454
"2018-08-24 00:00:00",1141,5
"2018-08-25 00:00:00",1247,6
"2018-08-26 00:00:00",1395,9
"2018-08-27 00:00:00",1105,4
"2018-08-28 00:00:00",1128,3
"2018-08-29 00:00:00",1116,11
"2018-08-30 00:00:00",1082,8
"2018-08-31 00:00:00",1112,6
"2018-09-01 00:00:00",1289,4
"2018-09-02 00:00:00",1252,4
"2018-09-03 00:00:00",1065,9
"2018-09-04 00:00:00",977,4
"2018-09-05 00:00:00",972,22
"2018-09-06 00:00:00",955,26
"2018-09-07 00:00:00",1134,7
"2018-09-08 00:00:00",1213,5
"2018-09-09 00:00:00",1197,10
"2018-09-10 00:00:00",972,6
"2018-09-11 00:00:00",973,23
"2018-09-12 00:00:00",955,3
"2018-09-13 00:00:00",945,5
"2018-09-14 00:00:00",1078,25
"2018-09-15 00:00:00",1205,7
"2018-09-16 00:00:00",1151,10
"2018-09-17 00:00:00",888,21
"2018-09-18 00:00:00",887,6
"2018-09-19 00:00:00",843,12
"2018-09-20 00:00:00",898,64
"2018-09-21 00:00:00",1050,22
"2018-09-22 00:00:00",1208,5
"2018-09-23 00:00:00",1138,54
"2018-09-24 00:00:00",844,47
"2018-09-25 00:00:00",830,3
"2018-09-26 00:00:00",817,20
"2018-09-27 00:00:00",819,20
"2018-09-28 00:00:00",977,25
"2018-09-29 00:00:00",1103,11
"2018-09-30 00:00:00",1096,15
"2018-10-01 00:00:00",825,131
"2018-10-02 00:00:00",789,77
"2018-10-03 00:00:00",852,7
"2018-10-04 00:00:00",978,7
"2018-10-05 00:00:00",1146,36
"2018-10-06 00:00:00",1301,59
"2018-10-07 00:00:00",1260,11
"2018-10-08 00:00:00",1062,9
"2018-10-09 00:00:00",976,9
"2018-10-10 00:00:00",944,4
"2018-10-11 00:00:00",1003,9
"2018-10-12 00:00:00",1125,71
"2018-10-13 00:00:00",1161,114
"2018-10-14 00:00:00",1141,13
"2018-10-15 00:00:00",1036,8
"2018-10-16 00:00:00",880,8
"2018-10-17 00:00:00",845,41
"2018-10-18 00:00:00",904,13
"2018-10-19 00:00:00",988,4
"2018-10-20 00:00:00",1125,10
"2018-10-21 00:00:00",1145,376
"2018-10-22 00:00:00",842,6
"2018-10-23 00:00:00",865,6
"2018-10-24 00:00:00",884,9
"2018-10-25 00:00:00",874,6
"2018-10-26 00:00:00",1005,15
"2018-10-27 00:00:00",1126,3
"2018-10-28 00:00:00",1178,7
"2018-10-29 00:00:00",913,4
"2018-10-30 00:00:00",874,7
"2018-10-31 00:00:00",912,49
"2018-11-01 00:00:00",988,2
"2018-11-02 00:00:00",1181,8
"2018-11-03 00:00:00",1224,3
"2018-11-04 00:00:00",1170,6
"2018-11-05 00:00:00",903,419
"2018-11-06 00:00:00",917,5
"2018-11-07 00:00:00",842,3
"2018-11-08 00:00:00",894,3
"2018-11-09 00:00:00",1020,30
"2018-11-10 00:00:00",1207,3
"2018-11-11 00:00:00",1179,3
"2018-11-12 00:00:00",947,4
"2018-11-13 00:00:00",903,2
"2018-11-14 00:00:00",878,4
"2018-11-15 00:00:00",987,52
"2018-11-16 00:00:00",1061,20
"2018-11-17 00:00:00",1129,10
"2018-11-18 00:00:00",1166,3
"2018-11-19 00:00:00",983,2
"2018-11-20 00:00:00",927,3
"2018-11-21 00:00:00",922,6
"2018-11-22 00:00:00",967,2
"2018-11-23 00:00:00",1040,55
"2018-11-24 00:00:00",1197,11
"2018-11-25 00:00:00",1089,18
"2018-11-26 00:00:00",900,4
"2018-11-27 00:00:00",922,6
"2018-11-28 00:00:00",890,9
"2018-11-29 00:00:00",924,6
"2018-11-30 00:00:00",1014,7
"2018-12-01 00:00:00",1170,5
"2018-12-02 00:00:00",1085,6
"2018-12-03 00:00:00",914,2
"2018-12-04 00:00:00",929,5
"2018-12-05 00:00:00",942,57
"2018-12-06 00:00:00",977,11
"2018-12-07 00:00:00",1009,7
"2018-12-08 00:00:00",1085,4
"2018-12-09 00:00:00",1033,13
"2018-12-10 00:00:00",955,7
"2018-12-11 00:00:00",932,9
"2018-12-12 00:00:00",963,4
"2018-12-13 00:00:00",1145,6
"2018-12-14 00:00:00",1204,3
"2018-12-15 00:00:00",1176,26
"2018-12-16 00:00:00",1193,21
"2018-12-17 00:00:00",1107,8
"2018-12-18 00:00:00",1102,16
"2018-12-19 00:00:00",1105,63
"2018-12-20 00:00:00",1104,15
"2018-12-21 00:00:00",1160,3
"2018-12-22 00:00:00",1135,2
"2018-12-23 00:00:00",1075,5
"2018-12-24 00:00:00",959,8
"2018-12-25 00:00:00",1004,2426
"2018-12-26 00:00:00",1105,11
"2018-12-27 00:00:00",1105,92
"2018-12-28 00:00:00",1147,7
"2018-12-29 00:00:00",1113,3
"2018-12-30 00:00:00",1117,5
"2018-12-31 00:00:00",1026,27
"2019-01-01 00:00:00",1074,23
"2019-01-02 00:00:00",1207,65
"2019-01-03 00:00:00",1232,14
"2019-01-04 00:00:00",1259,18
"2019-01-05 00:00:00",1269,2
"2019-01-06 00:00:00",1202,5
"2019-01-07 00:00:00",1103,7
"2019-01-08 00:00:00",1092,8
"2019-01-09 00:00:00",1096,7
"2019-01-10 00:00:00",1071,8
"2019-01-11 00:00:00",1127,8
"2019-01-12 00:00:00",1162,4
"2019-01-13 00:00:00",1119,5289
"2019-01-14 00:00:00",1046,14
"2019-01-15 00:00:00",1082,75
"2019-01-16 00:00:00",1098,83
"2019-01-17 00:00:00",1116,121
"2019-01-18 00:00:00",1203,72
"2019-01-19 00:00:00",1248,5
"2019-01-20 00:00:00",1148,393
"2019-01-21 00:00:00",1159,5
"2019-01-22 00:00:00",1071,5
"2019-01-23 00:00:00",1112,64
"2019-01-24 00:00:00",1075,38
"2019-01-25 00:00:00",1125,4
"2019-01-26 00:00:00",1212,13
"2019-01-27 00:00:00",1147,4
"2019-01-28 00:00:00",1082,7
"2019-01-29 00:00:00",1070,194
"2019-01-30 00:00:00",1089,174
"2019-01-31 00:00:00",1131,386
"2019-02-01 00:00:00",1116,2
"2019-02-02 00:00:00",1117,4
"2019-02-03 00:00:00",1138,22
"2019-02-04 00:00:00",1025,22
"2019-02-05 00:00:00",1000,13
"2019-02-06 00:00:00",965,3
"2019-02-07 00:00:00",982,3
"2019-02-08 00:00:00",994,6
"2019-02-09 00:00:00",1108,20
"2019-02-10 00:00:00",1062,5
"2019-02-11 00:00:00",943,12
"2019-02-12 00:00:00",950,848
"2019-02-13 00:00:00",857,51
"2019-02-14 00:00:00",956,54
"2019-02-15 00:00:00",1046,6
"2019-02-16 00:00:00",1102,3
"2019-02-17 00:00:00",1143,5
"2019-02-18 00:00:00",1005,5
"2019-02-19 00:00:00",878,4
"2019-02-20 00:00:00",906,9
"2019-02-21 00:00:00",873,7
"2019-02-22 00:00:00",958,5
"2019-02-23 00:00:00",1083,5
"2019-02-24 00:00:00",1091,9
"2019-02-25 00:00:00",888,0
"2019-02-26 00:00:00",826,8
"2019-02-27 00:00:00",855,66
"2019-02-28 00:00:00",899,5
"2019-03-01 00:00:00",969,6
"2019-03-02 00:00:00",1022,3
"2019-03-03 00:00:00",990,6
"2019-03-04 00:00:00",922,3
"2019-03-05 00:00:00",917,6
"2019-03-06 00:00:00",856,6
"2019-03-07 00:00:00",853,4
"2019-03-08 00:00:00",883,2
"2019-03-09 00:00:00",1031,12
"2019-03-10 00:00:00",1006,2
"2019-03-11 00:00:00",786,8
"2019-03-12 00:00:00",768,7
"2019-03-13 00:00:00",753,120
"2019-03-14 00:00:00",844,4
"2019-03-15 00:00:00",890,6
"2019-03-16 00:00:00",1031,2
"2019-03-17 00:00:00",1017,47
"2019-03-18 00:00:00",808,7
"2019-03-19 00:00:00",802,2
"2019-03-20 00:00:00",795,4
"2019-03-21 00:00:00",786,7
"2019-03-22 00:00:00",892,2
"2019-03-23 00:00:00",1003,8
"2019-03-24 00:00:00",954,3
"2019-03-25 00:00:00",797,13
"2019-03-26 00:00:00",746,3
"2019-03-27 00:00:00",755,115
"2019-03-28 00:00:00",789,9
"2019-03-29 00:00:00",837,21
"2019-03-30 00:00:00",964,9
"2019-03-31 00:00:00",976,9
"2019-04-01 00:00:00",750,6
"2019-04-02 00:00:00",697,10
"2019-04-03 00:00:00",699,3
"2019-04-04 00:00:00",719,2
"2019-04-05 00:00:00",763,51
"2019-04-06 00:00:00",921,6
"2019-04-07 00:00:00",896,4
"2019-04-08 00:00:00",728,9
"2019-04-09 00:00:00",725,6
"2019-04-10 00:00:00",698,87
"2019-04-11 00:00:00",832,1
"2019-04-12 00:00:00",883,3
"2019-04-13 00:00:00",961,470
"2019-04-14 00:00:00",979,28
"2019-04-15 00:00:00",767,4
"2019-04-16 00:00:00",775,2
"2019-04-17 00:00:00",803,4
"2019-04-18 00:00:00",870,3
"2019-04-19 00:00:00",902,11
"2019-04-20 00:00:00",913,6
"2019-04-21 00:00:00",921,9
"2019-04-22 00:00:00",820,82
"2019-04-23 00:00:00",829,3
"2019-04-24 00:00:00",780,134
"2019-04-25 00:00:00",800,56
"2019-04-26 00:00:00",778,365
"2019-04-27 00:00:00",967,5
"2019-04-28 00:00:00",1006,6
"2019-04-29 00:00:00",825,6
"2019-04-30 00:00:00",855,5
"2019-05-01 00:00:00",999,4
"2019-05-02 00:00:00",859,4
"2019-05-03 00:00:00",960,28
"2019-05-04 00:00:00",1114,18
"2019-05-05 00:00:00",1069,2
"2019-05-06 00:00:00",824,3833
"2019-05-07 00:00:00",748,642
"2019-05-08 00:00:00",744,6
"2019-05-09 00:00:00",676,1212
"2019-05-10 00:00:00",817,40
"2019-05-11 00:00:00",902,18
"2019-05-12 00:00:00",891,10
"2019-05-13 00:00:00",742,14
"2019-05-14 00:00:00",740,8
"2019-05-15 00:00:00",748,115
"2019-05-16 00:00:00",720,18
"2019-05-17 00:00:00",767,5
"2019-05-18 00:00:00",886,8
"2019-05-19 00:00:00",917,254
"2019-05-20 00:00:00",717,1
"2019-05-21 00:00:00",706,6
"2019-05-22 00:00:00",677,3
"2019-05-23 00:00:00",677,10
"2019-05-24 00:00:00",759,11
"2019-05-25 00:00:00",901,9
"2019-05-26 00:00:00",905,4
"2019-05-27 00:00:00",756,7
"2019-05-28 00:00:00",763,20
"2019-05-29 00:00:00",758,44
"2019-05-30 00:00:00",809,12
"2019-05-31 00:00:00",800,6
"2019-06-01 00:00:00",876,4
"2019-06-02 00:00:00",916,8
"2019-06-03 00:00:00",777,8
"2019-06-04 00:00:00",749,7
"2019-06-05 00:00:00",740,6
"2019-06-06 00:00:00",771,8
"2019-06-07 00:00:00",831,6
"2019-06-08 00:00:00",897,138
"2019-06-09 00:00:00",928,3
"2019-06-10 00:00:00",821,23
"2019-06-11 00:00:00",817,4
"2019-06-12 00:00:00",816,56
"2019-06-13 00:00:00",840,3
"2019-06-14 00:00:00",900,13
"2019-06-15 00:00:00",966,8
"2019-06-16 00:00:00",985,254
"2019-06-17 00:00:00",916,4
"2019-06-18 00:00:00",900,4
"2019-06-19 00:00:00",875,4
"2019-06-20 00:00:00",950,21
"2019-06-21 00:00:00",1079,7
"2019-06-22 00:00:00",1012,6
"2019-06-23 00:00:00",1108,32
"2019-06-24 00:00:00",1038,12
"2019-06-25 00:00:00",1041,19
"2019-06-26 00:00:00",999,3
"2019-06-27 00:00:00",1000,110
"2019-06-28 00:00:00",972,9
"2019-06-29 00:00:00",980,12
"2019-06-30 00:00:00",1028,4
"2019-07-01 00:00:00",987,6
"2019-07-02 00:00:00",976,9
"2019-07-03 00:00:00",966,4
"2019-07-04 00:00:00",956,2
"2019-07-05 00:00:00",994,15
"2019-07-06 00:00:00",920,2
"2019-07-07 00:00:00",966,99
"2019-07-08 00:00:00",944,3
"2019-07-09 00:00:00",915,5
"2019-07-10 00:00:00",927,5
"2019-07-11 00:00:00",1027,181
"2019-07-12 00:00:00",1025,6
"2019-07-13 00:00:00",1005,2
"2019-07-14 00:00:00",1020,84
"2019-07-15 00:00:00",976,3
"2019-07-16 00:00:00",978,8
"2019-07-17 00:00:00",944,9
"2019-07-18 00:00:00",998,13
"2019-07-19 00:00:00",975,11
"2019-07-20 00:00:00",917,25
"2019-07-21 00:00:00",992,3
"2019-07-22 00:00:00",956,3
"2019-07-23 00:00:00",943,16
"2019-07-24 00:00:00",940,10
"2019-07-25 00:00:00",915,182
"2019-07-26 00:00:00",913,8
"2019-07-27 00:00:00",959,4
"2019-07-28 00:00:00",1039,3
"2019-07-29 00:00:00",966,14
"2019-07-30 00:00:00",990,10
"2019-07-31 00:00:00",947,16
"2019-08-01 00:00:00",885,5
"2019-08-02 00:00:00",910,156
"2019-08-03 00:00:00",887,12
"2019-08-04 00:00:00",992,9
"2019-08-05 00:00:00",869,5
"2019-08-06 00:00:00",864,6
"2019-08-07 00:00:00",888,15
"2019-08-08 00:00:00",832,3
"2019-08-09 00:00:00",916,45
"2019-08-10 00:00:00",952,2
"2019-08-11 00:00:00",947,6
"2019-08-12 00:00:00",850,5
"2019-08-13 00:00:00",881,5
"2019-08-14 00:00:00",684,3
"2019-08-15 00:00:00",808,3
"2019-08-16 00:00:00",832,3
"2019-08-17 00:00:00",905,2
"2019-08-18 00:00:00",913,18
"2019-08-19 00:00:00",856,22
"2019-08-20 00:00:00",793,13
"2019-08-21 00:00:00",815,110
"2019-08-22 00:00:00",838,30
"2019-08-23 00:00:00",869,18
"2019-08-24 00:00:00",903,3
"2019-08-25 00:00:00",996,5
"2019-08-26 00:00:00",846,34
"2019-08-27 00:00:00",828,9
"2019-08-28 00:00:00",832,4
"2019-08-29 00:00:00",838,20
"2019-08-30 00:00:00",803,3
"2019-08-31 00:00:00",911,2
"2019-09-01 00:00:00",889,187
"2019-09-02 00:00:00",782,9
"2019-09-03 00:00:00",726,4
"2019-09-04 00:00:00",710,11
"2019-09-05 00:00:00",704,106
"2019-09-06 00:00:00",735,3
"2019-09-07 00:00:00",874,7
"2019-09-08 00:00:00",789,27
"2019-09-09 00:00:00",638,5
"2019-09-10 00:00:00",649,69
"2019-09-11 00:00:00",617,8
"2019-09-12 00:00:00",627,1
"2019-09-13 00:00:00",697,5
"2019-09-14 00:00:00",828,10
"2019-09-15 00:00:00",774,6
"2019-09-16 00:00:00",648,3
"2019-09-17 00:00:00",616,18
"2019-09-18 00:00:00",598,26
"2019-09-19 00:00:00",640,115
"2019-09-20 00:00:00",720,2
"2019-09-21 00:00:00",866,5
"2019-09-22 00:00:00",806,6
"2019-09-23 00:00:00",657,2
"2019-09-24 00:00:00",649,3
"2019-09-25 00:00:00",608,441
"2019-09-26 00:00:00",628,11
"2019-09-27 00:00:00",692,9
"2019-09-28 00:00:00",757,16
"2019-09-29 00:00:00",740,1
"2019-09-30 00:00:00",660,29
"2019-10-01 00:00:00",612,49
"2019-10-02 00:00:00",616,10
"2019-10-03 00:00:00",642,2
"2019-10-04 00:00:00",708,6
"2019-10-05 00:00:00",826,12
"2019-10-06 00:00:00",830,7
"2019-10-07 00:00:00",633,3
"2019-10-08 00:00:00",620,7
"2019-10-09 00:00:00",630,7
"2019-10-10 00:00:00",632,7
"2019-10-11 00:00:00",727,10
"2019-10-12 00:00:00",789,12
"2019-10-13 00:00:00",782,6
"2019-10-14 00:00:00",714,9
"2019-10-15 00:00:00",663,4
"2019-10-16 00:00:00",615,245
"2019-10-17 00:00:00",710,23
"2019-10-18 00:00:00",814,11
"2019-10-19 00:00:00",907,11
"2019-10-20 00:00:00",911,21
"2019-10-21 00:00:00",693,9
"2019-10-22 00:00:00",671,5
"2019-10-23 00:00:00",700,7
"2019-10-24 00:00:00",698,73
"2019-10-25 00:00:00",812,9
"2019-10-26 00:00:00",801,6
"2019-10-27 00:00:00",862,2
"2019-10-28 00:00:00",744,12
"2019-10-29 00:00:00",674,101
"2019-10-30 00:00:00",674,5
"2019-10-31 00:00:00",683,7
"2019-11-01 00:00:00",790,10
"2019-11-02 00:00:00",912,12
"2019-11-03 00:00:00",904,5
"2019-11-04 00:00:00",709,3
"2019-11-05 00:00:00",729,9
"2019-11-06 00:00:00",671,6
"2019-11-07 00:00:00",682,3
"2019-11-08 00:00:00",764,14
"2019-11-09 00:00:00",916,5
"2019-11-10 00:00:00",854,251
"2019-11-11 00:00:00",783,3
"2019-11-12 00:00:00",711,683
"2019-11-13 00:00:00",701,6
"2019-11-14 00:00:00",701,7
"2019-11-15 00:00:00",847,6
"2019-11-16 00:00:00",918,5
"2019-11-17 00:00:00",866,3
"2019-11-18 00:00:00",713,3
"2019-11-19 00:00:00",709,6
"2019-11-20 00:00:00",748,42
"2019-11-21 00:00:00",741,17
"2019-11-22 00:00:00",808,5
"2019-11-23 00:00:00",944,0
"2019-11-24 00:00:00",896,14
"2019-11-25 00:00:00",690,12
"2019-11-26 00:00:00",730,106
"2019-11-27 00:00:00",745,8
"2019-11-28 00:00:00",764,12
"2019-11-29 00:00:00",829,1
"2019-11-30 00:00:00",906,2
"2019-12-01 00:00:00",822,8
"2019-12-02 00:00:00",724,3
"2019-12-03 00:00:00",699,9
"2019-12-04 00:00:00",749,141
"2019-12-05 00:00:00",742,10
"2019-12-06 00:00:00",798,4
"2019-12-07 00:00:00",897,229
"2019-12-08 00:00:00",859,1
"2019-12-09 00:00:00",779,12
"2019-12-10 00:00:00",779,1
"2019-12-11 00:00:00",766,158
"2019-12-12 00:00:00",763,4
"2019-12-13 00:00:00",972,255
"2019-12-14 00:00:00",1023,8
"2019-12-15 00:00:00",994,10
"2019-12-16 00:00:00",962,5
"2019-12-17 00:00:00",912,8
"2019-12-18 00:00:00",871,2
"2019-12-19 00:00:00",923,92
"2019-12-20 00:00:00",929,10
"2019-12-21 00:00:00",967,196
"2019-12-22 00:00:00",943,5
"2019-12-23 00:00:00",907,3
"2019-12-24 00:00:00",838,26
"2019-12-25 00:00:00",827,15
"2019-12-26 00:00:00",967,6
"2019-12-27 00:00:00",1026,11
"2019-12-28 00:00:00",1045,9
"2019-12-29 00:00:00",1063,767
"2019-12-30 00:00:00",990,156
"2019-12-31 00:00:00",899,9
"2020-01-01 00:00:00",898,15
"2020-01-02 00:00:00",1027,11
"2020-01-03 00:00:00",1056,361
"2020-01-04 00:00:00",999,5
"2020-01-05 00:00:00",1011,3
"2020-01-06 00:00:00",926,11
"2020-01-07 00:00:00",912,329
"2020-01-08 00:00:00",910,141
"2020-01-09 00:00:00",897,6
"2020-01-10 00:00:00",957,6
"2020-01-11 00:00:00",988,19
"2020-01-12 00:00:00",945,23
"2020-01-13 00:00:00",879,23
"2020-01-14 00:00:00",928,19
"2020-01-15 00:00:00",888,10
"2020-01-16 00:00:00",861,17
"2020-01-17 00:00:00",895,17
"2020-01-18 00:00:00",951,23
"2020-01-19 00:00:00",945,18
"2020-01-20 00:00:00",868,20
"2020-01-21 00:00:00",871,15
"2020-01-22 00:00:00",842,140
"2020-01-23 00:00:00",923,11
"2020-01-24 00:00:00",967,10
"2020-01-25 00:00:00",974,29
"2020-01-26 00:00:00",918,22
"2020-01-27 00:00:00",878,8
"2020-01-28 00:00:00",889,29
"2020-01-29 00:00:00",868,8
"2020-01-30 00:00:00",863,7
"2020-01-31 00:00:00",907,3
"2020-02-01 00:00:00",984,10
"2020-02-02 00:00:00",880,4
"2020-02-03 00:00:00",816,4
"2020-02-04 00:00:00",778,9
"2020-02-05 00:00:00",799,160
"2020-02-06 00:00:00",812,13
"2020-02-07 00:00:00",919,15
"2020-02-08 00:00:00",985,10
"2020-02-09 00:00:00",907,158
"2020-02-10 00:00:00",820,7
"2020-02-11 00:00:00",783,3
"2020-02-12 00:00:00",729,3
"2020-02-13 00:00:00",818,7
"2020-02-14 00:00:00",896,7
"2020-02-15 00:00:00",1079,9
"2020-02-16 00:00:00",1019,8
"2020-02-17 00:00:00",881,24
"2020-02-18 00:00:00",843,7
"2020-02-19 00:00:00",814,125
"2020-02-20 00:00:00",910,5
"2020-02-21 00:00:00",976,3
"2020-02-22 00:00:00",1040,3
"2020-02-23 00:00:00",965,16
"2020-02-24 00:00:00",909,9
"2020-02-25 00:00:00",852,2
"2020-02-26 00:00:00",873,7
"2020-02-27 00:00:00",837,4
"2020-02-28 00:00:00",874,37
"2020-02-29 00:00:00",943,6
"2020-03-01 00:00:00",946,36
"2020-03-02 00:00:00",751,15
"2020-03-03 00:00:00",752,7
"2020-03-04 00:00:00",733,99
"2020-03-05 00:00:00",721,5
"2020-03-06 00:00:00",870,37
"2020-03-07 00:00:00",912,10
"2020-03-08 00:00:00",857,11
"2020-03-09 00:00:00",759,4
"2020-03-10 00:00:00",768,5
"2020-03-11 00:00:00",782,65
"2020-03-12 00:00:00",833,3
"2020-03-13 00:00:00",1005,45
"2020-03-14 00:00:00",1300,4
"2020-03-15 00:00:00",1245,3
"2020-03-16 00:00:00",1367,28
"2020-03-17 00:00:00",1467,49
"2020-03-18 00:00:00",1490,115
"2020-03-19 00:00:00",1516,10
"2020-03-20 00:00:00",1557,10
"2020-03-21 00:00:00",1641,18
"2020-03-22 00:00:00",1723,68
"2020-03-23 00:00:00",1701,52
"2020-03-24 00:00:00",1744,6
"2020-03-25 00:00:00",1735,437
"2020-03-26 00:00:00",1741,610
"2020-03-27 00:00:00",1705,22
"2020-03-28 00:00:00",1679,16
"2020-03-29 00:00:00",1701,9
"2020-03-30 00:00:00",1754,184
"2020-03-31 00:00:00",1726,10
"2020-04-01 00:00:00",1725,165
"2020-04-02 00:00:00",1736,6
"2020-04-03 00:00:00",1690,9
"2020-04-04 00:00:00",1756,17
"2020-04-05 00:00:00",1772,7
"2020-04-06 00:00:00",1718,11
"2020-04-07 00:00:00",1715,6
"2020-04-08 00:00:00",1663,92
"2020-04-09 00:00:00",1792,17
"2020-04-10 00:00:00",1727,18
"2020-04-11 00:00:00",1763,31
"2020-04-12 00:00:00",1747,15
"2020-04-13 00:00:00",1766,16
"2020-04-14 00:00:00",1775,62
"2020-04-15 00:00:00",1755,114
"2020-04-16 00:00:00",1826,16
"2020-04-17 00:00:00",1826,17
"2020-04-18 00:00:00",1805,45
"2020-04-19 00:00:00",1828,25
"2020-04-20 00:00:00",1761,13
"2020-04-21 00:00:00",1678,32
"2020-04-22 00:00:00",1768,37
"2020-04-23 00:00:00",1800,36
"2020-04-24 00:00:00",1836,21
"2020-04-25 00:00:00",1782,28
"2020-04-26 00:00:00",1778,11
"2020-04-27 00:00:00",1712,9
"2020-04-28 00:00:00",1720,10
"2020-04-29 00:00:00",1777,194
"2020-04-30 00:00:00",1810,16
"2020-05-01 00:00:00",2094,12
"2020-05-02 00:00:00",2056,25
"2020-05-03 00:00:00",2071,10
"2020-05-04 00:00:00",1939,13
"2020-05-05 00:00:00",1951,11
"2020-05-06 00:00:00",1938,80
"2020-05-07 00:00:00",1990,34
"2020-05-08 00:00:00",1936,77
"2020-05-09 00:00:00",1938,61
"2020-05-10 00:00:00",1813,14
"2020-05-11 00:00:00",1814,8
"2020-05-12 00:00:00",1812,2189
"2020-05-13 00:00:00",1812,138
"2020-05-14 00:00:00",1823,15
"2020-05-15 00:00:00",1721,22
"2020-05-16 00:00:00",1623,11
"2020-05-17 00:00:00",1728,13
"2020-05-18 00:00:00",1669,9
"2020-05-19 00:00:00",1689,14
"2020-05-20 00:00:00",1691,45
"2020-05-21 00:00:00",1689,10
"2020-05-22 00:00:00",1678,11
"2020-05-23 00:00:00",1706,11
"2020-05-24 00:00:00",1698,321
"2020-05-25 00:00:00",1685,32
"2020-05-26 00:00:00",1655,41
"2020-05-27 00:00:00",1691,326
"2020-05-28 00:00:00",1717,13
"2020-05-29 00:00:00",1787,13
"2020-05-30 00:00:00",1685,15
"2020-05-31 00:00:00",1793,20
"2020-06-01 00:00:00",1671,48
"2020-06-02 00:00:00",1700,23
"2020-06-03 00:00:00",1694,18
"2020-06-04 00:00:00",1712,22
"2020-06-05 00:00:00",1629,10
"2020-06-06 00:00:00",1616,12
"2020-06-07 00:00:00",1546,15
"2020-06-08 00:00:00",1595,14
"2020-06-09 00:00:00",1587,34
"2020-06-10 00:00:00",1613,131
"2020-06-11 00:00:00",1666,17
"2020-06-12 00:00:00",1577,13
"2020-06-13 00:00:00",1513,49
"2020-06-14 00:00:00",1568,47
"2020-06-15 00:00:00",1597,7
"2020-06-16 00:00:00",1616,13
"2020-06-17 00:00:00",1620,107
"2020-06-18 00:00:00",1654,18
"2020-06-19 00:00:00",1602,11
"2020-06-20 00:00:00",1536,10
"2020-06-21 00:00:00",1436,44
"2020-06-22 00:00:00",1398,24
"2020-06-23 00:00:00",1622,25
"2020-06-24 00:00:00",1585,32
"2020-06-25 00:00:00",1587,184
"2020-06-26 00:00:00",1547,42
"2020-06-27 00:00:00",1517,38
"2020-06-28 00:00:00",1568,33
"2020-06-29 00:00:00",1648,33
"2020-06-30 00:00:00",1606,25
"2020-07-01 00:00:00",1625,26
"2020-07-02 00:00:00",1579,29
"2020-07-03 00:00:00",1546,26
"2020-07-04 00:00:00",1428,18
"2020-07-05 00:00:00",1523,21
"2020-07-06 00:00:00",1564,43
"2020-07-07 00:00:00",1520,54
"2020-07-08 00:00:00",1551,140
"2020-07-09 00:00:00",1600,10
"2020-07-10 00:00:00",1579,32
"2020-07-11 00:00:00",1572,16
"2020-07-12 00:00:00",1650,18
"2020-07-13 00:00:00",1689,13
"2020-07-14 00:00:00",1676,16
"2020-07-15 00:00:00",1627,19
"2020-07-16 00:00:00",1705,36
"2020-07-17 00:00:00",1685,14
"2020-07-18 00:00:00",1583,20
"2020-07-19 00:00:00",1620,27
"2020-07-20 00:00:00",1704,651
"2020-07-21 00:00:00",1641,544
"2020-07-22 00:00:00",1612,58
"2020-07-23 00:00:00",1631,24
"2020-07-24 00:00:00",1536,40
"2020-07-25 00:00:00",1502,96
"2020-07-26 00:00:00",1482,190
"2020-07-27 00:00:00",1544,13
"2020-07-28 00:00:00",1472,10
"2020-07-29 00:00:00",1481,121
"2020-07-30 00:00:00",1467,35
"2020-07-31 00:00:00",1375,79
"2020-08-01 00:00:00",1398,25
"2020-08-02 00:00:00",1341,15
"2020-08-03 00:00:00",1467,126
"2020-08-04 00:00:00",1487,13
"2020-08-05 00:00:00",1442,11
"2020-08-06 00:00:00",1482,12
"2020-08-07 00:00:00",1408,14
"2020-08-08 00:00:00",1327,87
"2020-08-09 00:00:00",1292,13
"2020-08-10 00:00:00",1450,13
"2020-08-11 00:00:00",1436,67
"2020-08-12 00:00:00",1413,489
"2020-08-13 00:00:00",1443,11
"2020-08-14 00:00:00",1397,43
"2020-08-15 00:00:00",1309,47
"2020-08-16 00:00:00",1350,122
"2020-08-17 00:00:00",1428,19
"2020-08-18 00:00:00",1431,24
"2020-08-19 00:00:00",1405,22
"2020-08-20 00:00:00",1472,91
"2020-08-21 00:00:00",1444,15
"2020-08-22 00:00:00",1341,11
"2020-08-23 00:00:00",1297,30
"2020-08-24 00:00:00",1412,13
"2020-08-25 00:00:00",1415,18
"2020-08-26 00:00:00",1410,188
"2020-08-27 00:00:00",1375,14
"2020-08-28 00:00:00",1421,25
"2020-08-29 00:00:00",1354,11
"2020-08-30 00:00:00",1305,15
"2020-08-31 00:00:00",1374,9
"2020-09-01 00:00:00",1405,25
"2020-09-02 00:00:00",1362,74
"2020-09-03 00:00:00",1393,704
"2020-09-04 00:00:00",1399,19
"2020-09-05 00:00:00",1345,21
"2020-09-06 00:00:00",1287,7
"2020-09-07 00:00:00",1328,23
"2020-09-08 00:00:00",1319,1038
"2020-09-09 00:00:00",1358,132
"2020-09-10 00:00:00",1381,15
"2020-09-11 00:00:00",1483,18
"2020-09-12 00:00:00",1445,29
"2020-09-13 00:00:00",1386,105
"2020-09-14 00:00:00",1354,11
"2020-09-15 00:00:00",1390,14
"2020-09-16 00:00:00",1374,13
"2020-09-17 00:00:00",1418,194
"2020-09-18 00:00:00",1385,20
"2020-09-19 00:00:00",1321,15
"2020-09-20 00:00:00",1322,21
"2020-09-21 00:00:00",1293,37
"2020-09-22 00:00:00",1294,29
"2020-09-23 00:00:00",1355,152
"2020-09-24 00:00:00",1319,16
"2020-09-25 00:00:00",1321,14
"2020-09-26 00:00:00",1301,8
"2020-09-27 00:00:00",1237,7
"2020-09-28 00:00:00",1265,12
"2020-09-29 00:00:00",1266,7
"2020-09-30 00:00:00",1282,11
"2020-10-01 00:00:00",1276,30
"2020-10-02 00:00:00",1297,17
"2020-10-03 00:00:00",1251,7
"2020-10-04 00:00:00",1218,6
"2020-10-05 00:00:00",1225,5
"2020-10-06 00:00:00",1241,7
"2020-10-07 00:00:00",1215,175
"2020-10-08 00:00:00",1323,11