DateTime,Players,Flags,Twitch Viewers
9/22/2011 00:00,194,,
9/23/2011 00:00,240,,
9/24/2011 00:00,,,
9/25/2011 00:00,233,,
9/26/2011 00:00,222,,
9/27/2011 00:00,303,,
9/28/2011 00:00,312,,
9/29/2011 00:00,299,,
9/30/2011 00:00,,,
10/1/2011 00:00,,,
10/2/2011 00:00,376,,
10/3/2011 00:00,344,,
10/4/2011 00:00,389,,
10/5/2011 00:00,466,,
10/6/2011 00:00,439,,
10/7/2011 00:00,479,,
10/8/2011 00:00,442,,
10/9/2011 00:00,530,,
10/10/2011 00:00,504,,
10/11/2011 00:00,490,,
10/12/2011 00:00,457,,
10/13/2011 00:00,450,,
10/14/2011 00:00,465,,
10/15/2011 00:00,500,,
10/16/2011 00:00,587,,
10/17/2011 00:00,544,,
10/18/2011 00:00,470,,
10/19/2011 00:00,506,,
10/20/2011 00:00,506,,
10/21/2011 00:00,474,,
10/22/2011 00:00,331,,
10/23/2011 00:00,483,,
10/24/2011 00:00,483,,
10/25/2011 00:00,508,,
10/26/2011 00:00,474,,
10/27/2011 00:00,580,,
10/28/2011 00:00,542,,
10/29/2011 00:00,562,,
10/30/2011 00:00,468,,
10/31/2011 00:00,522,,
11/1/2011 00:00,512,,
11/2/2011 00:00,931,,
11/3/2011 00:00,915,,
11/4/2011 00:00,1002,,
11/5/2011 00:00,1112,,
11/6/2011 00:00,1089,,
11/7/2011 00:00,912,,
11/8/2011 00:00,1353,,
11/9/2011 00:00,2190,,
11/10/2011 00:00,2396,,
11/11/2011 00:00,2822,,
11/12/2011 00:00,2787,,
11/13/2011 00:00,2921,,
11/14/2011 00:00,3131,,
11/15/2011 00:00,3182,,
11/16/2011 00:00,3769,,
11/17/2011 00:00,5463,,
11/18/2011 00:00,7353,,
11/19/2011 00:00,7504,,
11/20/2011 00:00,7443,,
11/21/2011 00:00,6702,,
11/22/2011 00:00,7624,,
11/23/2011 00:00,8324,,
11/24/2011 00:00,8342,,
11/25/2011 00:00,8342,,
11/26/2011 00:00,11701,,
11/27/2011 00:00,10915,,
11/28/2011 00:00,9247,,
11/29/2011 00:00,9733,,
11/30/2011 00:00,12385,,
12/1/2011 00:00,12211,,
12/2/2011 00:00,16862,,
12/3/2011 00:00,16827,,
12/4/2011 00:00,16661,,
12/5/2011 00:00,15360,,
12/6/2011 00:00,15360,,
12/7/2011 00:00,18026,,
12/8/2011 00:00,19107,,
12/9/2011 00:00,19650,,
12/10/2011 00:00,20156,,
12/11/2011 00:00,19998,,
12/12/2011 00:00,19730,,
12/13/2011 00:00,18776,,
12/14/2011 00:00,17219,,
12/15/2011 00:00,16494,,
12/16/2011 00:00,17269,,
12/17/2011 00:00,17830,,
12/18/2011 00:00,17254,,
12/19/2011 00:00,16634,,
12/20/2011 00:00,15581,,
12/21/2011 00:00,17513,,
12/22/2011 00:00,17388,,
12/23/2011 00:00,16227,,
12/24/2011 00:00,15041,,
12/25/2011 00:00,16424,,
12/26/2011 00:00,16485,,
12/27/2011 00:00,16214,,
12/28/2011 00:00,15182,,
12/29/2011 00:00,16695,,
12/30/2011 00:00,16709,,
12/31/2011 00:00,14058,,
1/1/2012 00:00,17889,,
1/2/2012 00:00,17976,,
1/3/2012 00:00,17148,,
1/4/2012 00:00,17226,,
1/5/2012 00:00,17385,,
1/6/2012 00:00,17404,,
1/7/2012 00:00,18379,,
1/8/2012 00:00,18365,,
1/9/2012 00:00,17113,,
1/10/2012 00:00,17006,,
1/11/2012 00:00,16451,,
1/12/2012 00:00,19558,,
1/13/2012 00:00,21221,,
1/14/2012 00:00,21194,,
1/15/2012 00:00,20633,,
1/16/2012 00:00,19621,,
1/17/2012 00:00,18764,,
1/18/2012 00:00,18764,,
1/19/2012 00:00,18764,,
1/20/2012 00:00,18764,,
1/21/2012 00:00,18764,,
1/22/2012 00:00,18764,,
1/23/2012 00:00,19170,,
1/24/2012 00:00,18926,,
1/25/2012 00:00,18999,,
1/26/2012 00:00,21080,,
1/27/2012 00:00,23112,,
1/28/2012 00:00,23539,,
1/29/2012 00:00,23022,,
1/30/2012 00:00,21220,,
1/31/2012 00:00,20421,,
2/1/2012 00:00,20784,,
2/2/2012 00:00,20601,,
2/3/2012 00:00,24123,,
2/4/2012 00:00,24765,,
2/5/2012 00:00,24341,,
2/6/2012 00:00,20716,,
2/7/2012 00:00,21282,,
2/8/2012 00:00,20790,,
2/9/2012 00:00,21224,,
2/10/2012 00:00,23509,,
2/11/2012 00:00,23587,,
2/12/2012 00:00,21358,,
2/13/2012 00:00,21378,,
2/14/2012 00:00,10515,,
2/15/2012 00:00,22142,,
2/16/2012 00:00,23965,,
2/17/2012 00:00,25875,,
2/18/2012 00:00,26129,,
2/19/2012 00:00,25313,,
2/20/2012 00:00,24898,,
2/21/2012 00:00,23934,,
2/22/2012 00:00,23196,,
2/23/2012 00:00,23331,,
2/24/2012 00:00,24787,,
2/25/2012 00:00,25703,,
2/26/2012 00:00,25956,,
2/27/2012 00:00,23389,,
2/28/2012 00:00,23090,,
2/29/2012 00:00,21986,,
3/1/2012 00:00,23921,,
3/2/2012 00:00,27976,,
3/3/2012 00:00,27962,,
3/4/2012 00:00,24636,,
3/5/2012 00:00,24488,,
3/6/2012 00:00,26116,,
3/7/2012 00:00,26014,,
3/8/2012 00:00,26343,,
3/9/2012 00:00,28451,,
3/10/2012 00:00,30030,,
3/11/2012 00:00,30095,,
3/12/2012 00:00,26781,,
3/13/2012 00:00,25122,,
3/14/2012 00:00,27043,,
3/15/2012 00:00,28397,,
3/16/2012 00:00,31583,,
3/17/2012 00:00,32405,,
3/18/2012 00:00,31417,,
3/19/2012 00:00,27437,,
3/20/2012 00:00,27422,,
3/21/2012 00:00,27558,,
3/22/2012 00:00,31865,,
3/23/2012 00:00,36133,,
3/24/2012 00:00,38596,,
3/25/2012 00:00,36933,,
3/26/2012 00:00,34441,,
3/27/2012 00:00,33528,,
3/28/2012 00:00,36163,,
3/29/2012 00:00,37128,,
3/30/2012 00:00,39910,,
3/31/2012 00:00,40661,,
4/1/2012 00:00,39847,,
4/2/2012 00:00,35849,,
4/3/2012 00:00,33762,,
4/4/2012 00:00,34628,,
4/5/2012 00:00,38702,,
4/6/2012 00:00,37997,,
4/7/2012 00:00,37414,,
4/8/2012 00:00,35948,,
4/9/2012 00:00,34111,,
4/10/2012 00:00,34086,,
4/11/2012 00:00,36582,,
4/12/2012 00:00,38184,,
4/13/2012 00:00,47205,,
4/14/2012 00:00,44638,,
4/15/2012 00:00,42522,,
4/16/2012 00:00,38866,,
4/17/2012 00:00,40906,,
4/18/2012 00:00,44056,,
4/19/2012 00:00,50109,,
4/20/2012 00:00,53426,,
4/21/2012 00:00,53303,,
4/22/2012 00:00,48604,,
4/23/2012 00:00,47750,,
4/24/2012 00:00,45989,,
4/25/2012 00:00,43659,,
4/26/2012 00:00,47117,,
4/27/2012 00:00,50368,,
4/28/2012 00:00,50846,,
4/29/2012 00:00,47405,,
4/30/2012 00:00,48329,,
5/1/2012 00:00,44391,,
5/2/2012 00:00,43930,,
5/3/2012 00:00,49005,,
5/4/2012 00:00,53039,,
5/5/2012 00:00,51878,,
5/6/2012 00:00,49171,,
5/7/2012 00:00,46270,,
5/8/2012 00:00,44412,,
5/9/2012 00:00,44074,,
5/10/2012 00:00,47828,,
5/11/2012 00:00,51321,,
5/12/2012 00:00,49382,,
5/13/2012 00:00,46077,,
5/14/2012 00:00,39273,,
5/15/2012 00:00,35758,,
5/16/2012 00:00,37289,,
5/17/2012 00:00,39921,,
5/18/2012 00:00,40719,,
5/19/2012 00:00,43504,,
5/20/2012 00:00,37125,,
5/21/2012 00:00,37744,,
5/22/2012 00:00,37725,,
5/23/2012 00:00,38456,,
5/24/2012 00:00,41958,,
5/25/2012 00:00,43822,,
5/26/2012 00:00,43950,,
5/27/2012 00:00,41905,,
5/28/2012 00:00,42415,,
5/29/2012 00:00,42576,,
5/30/2012 00:00,41547,,
5/31/2012 00:00,54098,,
6/1/2012 00:00,55519,,
6/2/2012 00:00,57901,,
6/3/2012 00:00,52426,,
6/4/2012 00:00,51161,,
6/5/2012 00:00,53217,,
6/6/2012 00:00,52856,,
6/7/2012 00:00,51574,,
6/8/2012 00:00,54040,,
6/9/2012 00:00,54436,,
6/10/2012 00:00,50965,,
6/11/2012 00:00,57093,,
6/12/2012 00:00,52085,,
6/13/2012 00:00,52847,,
6/14/2012 00:00,52847,,
6/15/2012 00:00,55173,,
6/16/2012 00:00,54638,,
6/17/2012 00:00,50802,,
6/18/2012 00:00,53139,,
6/19/2012 00:00,53443,,
6/20/2012 00:00,52659,,
6/21/2012 00:00,54787,,
6/22/2012 00:00,58113,,
6/23/2012 00:00,59926,,
6/24/2012 00:00,56954,,
6/25/2012 00:00,56683,,
6/26/2012 00:00,57238,,
6/27/2012 00:00,57286,,
6/28/2012 00:00,60217,,
6/29/2012 00:00,62084,,
6/30/2012 00:00,65425,,
7/1/2012 00:00,75041,,
7/2/2012 00:00,60228,,
7/3/2012 00:00,59497,,
7/4/2012 00:00,60026,,
7/5/2012 00:00,62443,,
7/6/2012 00:00,63809,,
7/7/2012 00:00,64205,,
7/8/2012 00:00,63422,,
7/9/2012 00:00,60932,,
7/10/2012 00:00,59984,,
7/11/2012 00:00,62252,,
7/12/2012 00:00,63871,,
7/13/2012 00:00,67993,,
7/14/2012 00:00,71015,,
7/15/2012 00:00,67098,,
7/16/2012 00:00,68630,,
7/17/2012 00:00,66545,,
7/18/2012 00:00,67216,,
7/19/2012 00:00,66061,,
7/20/2012 00:00,70753,,
7/21/2012 00:00,72372,,
7/22/2012 00:00,69750,,
7/23/2012 00:00,68914,,
7/24/2012 00:00,66929,,
7/25/2012 00:00,67416,,
7/26/2012 00:00,73650,,
7/27/2012 00:00,74310,,
7/28/2012 00:00,75355,,
7/29/2012 00:00,72723,,
7/30/2012 00:00,72386,,
7/31/2012 00:00,69243,,
8/1/2012 00:00,108689,,
8/2/2012 00:00,72073,,
8/3/2012 00:00,74376,,
8/4/2012 00:00,76025,,
8/5/2012 00:00,72061,,
8/6/2012 00:00,71082,,
8/7/2012 00:00,71463,,
8/8/2012 00:00,70657,,
8/9/2012 00:00,70398,,
8/10/2012 00:00,75505,,
8/11/2012 00:00,75726,,
8/12/2012 00:00,71559,,
8/13/2012 00:00,70019,,
8/14/2012 00:00,69520,,
8/15/2012 00:00,69927,,
8/16/2012 00:00,70338,,
8/17/2012 00:00,73551,,
8/18/2012 00:00,78599,,
8/19/2012 00:00,74711,,
8/20/2012 00:00,69926,,
8/21/2012 00:00,71310,,
8/22/2012 00:00,73540,,
8/23/2012 00:00,73043,,
8/24/2012 00:00,73583,,
8/25/2012 00:00,108472,,
8/26/2012 00:00,105839,,
8/27/2012 00:00,105167,,
8/28/2012 00:00,80479,,
8/29/2012 00:00,77752,,
8/30/2012 00:00,111804,,
8/31/2012 00:00,108557,,
9/1/2012 00:00,118901,,
9/2/2012 00:00,118479,,
9/3/2012 00:00,83298,,
9/4/2012 00:00,80584,,
9/5/2012 00:00,81657,,
9/6/2012 00:00,70409,,
9/7/2012 00:00,70409,,
9/8/2012 00:00,70409,,
9/9/2012 00:00,80110,,
9/10/2012 00:00,80574,,
9/11/2012 00:00,80452,,
9/12/2012 00:00,81733,,
9/13/2012 00:00,81592,,
9/14/2012 00:00,90409,,
9/15/2012 00:00,91719,,
9/16/2012 00:00,79965,,
9/17/2012 00:00,82755,,
9/18/2012 00:00,79405,,
9/19/2012 00:00,81340,,
9/20/2012 00:00,84664,,
9/21/2012 00:00,97697,,
9/22/2012 00:00,97784,,
9/23/2012 00:00,87176,,
9/24/2012 00:00,81954,,
9/25/2012 00:00,84298,,
9/26/2012 00:00,83483,,
9/27/2012 00:00,88965,,
9/28/2012 00:00,99129,,
9/29/2012 00:00,102129,,
9/30/2012 00:00,89750,,
10/1/2012 00:00,171860,,
10/2/2012 00:00,89614,,
10/3/2012 00:00,97314,,
10/4/2012 00:00,110976,,
10/5/2012 00:00,116386,,
10/6/2012 00:00,112941,,
10/7/2012 00:00,106831,,
10/8/2012 00:00,101962,,
10/9/2012 00:00,99846,,
10/10/2012 00:00,100426,,
10/11/2012 00:00,105059,,
10/12/2012 00:00,112481,,
10/13/2012 00:00,110661,,
10/14/2012 00:00,99318,,
10/15/2012 00:00,99647,,
10/16/2012 00:00,96812,,
10/17/2012 00:00,97340,,
10/18/2012 00:00,97340,,
10/19/2012 00:00,97340,,
10/20/2012 00:00,127958,,
10/21/2012 00:00,121831,,
10/22/2012 00:00,134845,,
10/23/2012 00:00,121309,,
10/24/2012 00:00,131905,,
10/25/2012 00:00,133295,,
10/26/2012 00:00,145041,,
10/27/2012 00:00,147013,,
10/28/2012 00:00,133301,,
10/29/2012 00:00,133498,,
10/30/2012 00:00,171931,,
10/31/2012 00:00,166805,,
11/1/2012 00:00,169631,,
11/2/2012 00:00,158228,,
11/3/2012 00:00,154925,,
11/4/2012 00:00,142382,,
11/5/2012 00:00,135504,,
11/6/2012 00:00,138398,,
11/7/2012 00:00,140618,,
11/8/2012 00:00,146990,,
11/9/2012 00:00,163993,,
11/10/2012 00:00,164331,,
11/11/2012 00:00,149020,,
11/12/2012 00:00,140023,,
11/13/2012 00:00,138005,,
11/14/2012 00:00,141691,,
11/15/2012 00:00,148705,,
11/16/2012 00:00,159020,,
11/17/2012 00:00,156169,,
11/18/2012 00:00,137382,,
11/19/2012 00:00,137902,,
11/20/2012 00:00,139073,,
11/21/2012 00:00,147056,,
11/22/2012 00:00,155884,,
11/23/2012 00:00,170248,,
11/24/2012 00:00,166166,,
11/25/2012 00:00,147390,,
11/26/2012 00:00,148120,,
11/27/2012 00:00,151154,,
11/28/2012 00:00,153963,,
11/29/2012 00:00,153010,,
11/30/2012 00:00,170847,,
12/1/2012 00:00,213521,,
12/2/2012 00:00,152503,,
12/3/2012 00:00,153770,,
12/4/2012 00:00,152190,,
12/5/2012 00:00,154020,,
12/6/2012 00:00,163280,,
12/7/2012 00:00,180544,,
12/8/2012 00:00,180298,,
12/9/2012 00:00,164689,,
12/10/2012 00:00,168620,,
12/11/2012 00:00,166710,,
12/12/2012 00:00,171101,,
12/13/2012 00:00,185975,,
12/14/2012 00:00,201442,,
12/15/2012 00:00,203484,,
12/16/2012 00:00,188619,,
12/17/2012 00:00,187555,,
12/18/2012 00:00,186837,,
12/19/2012 00:00,215557,,
12/20/2012 00:00,202605,,
12/21/2012 00:00,208194,,
12/22/2012 00:00,204246,,
12/23/2012 00:00,184129,,
12/24/2012 00:00,178981,,
12/25/2012 00:00,184889,,
12/26/2012 00:00,188263,,
12/27/2012 00:00,190168,,
12/28/2012 00:00,194478,,
12/29/2012 00:00,193507,,
12/30/2012 00:00,183476,,
12/31/2012 00:00,179569,,
1/1/2013 00:00,260989,,
1/2/2013 00:00,191548,,
1/3/2013 00:00,195662,,
1/4/2013 00:00,206468,,
1/5/2013 00:00,207823,,
1/6/2013 00:00,200878,,
1/7/2013 00:00,197441,,
1/8/2013 00:00,195051,,
1/9/2013 00:00,199860,,
1/10/2013 00:00,213862,,
1/11/2013 00:00,234693,,
1/12/2013 00:00,223423,,
1/13/2013 00:00,204455,,
1/14/2013 00:00,205046,,
1/15/2013 00:00,206108,,
1/16/2013 00:00,209216,,
1/17/2013 00:00,224598,,
1/18/2013 00:00,249092,,
1/19/2013 00:00,243759,,
1/20/2013 00:00,227237,,
1/21/2013 00:00,224170,,
1/22/2013 00:00,228490,,
1/23/2013 00:00,230012,,
1/24/2013 00:00,243819,,
1/25/2013 00:00,261921,,
1/26/2013 00:00,258661,,
1/27/2013 00:00,237414,,
1/28/2013 00:00,236552,,
1/29/2013 00:00,233726,,
1/30/2013 00:00,238047,,
1/31/2013 00:00,217567,,
2/1/2013 00:00,283870,,
2/2/2013 00:00,261182,,
2/3/2013 00:00,236051,,
2/4/2013 00:00,234582,,
2/5/2013 00:00,235657,,
2/6/2013 00:00,238126,,
2/7/2013 00:00,254630,,
2/8/2013 00:00,273953,,
2/9/2013 00:00,273967,,
2/10/2013 00:00,255378,,
2/11/2013 00:00,253257,,
2/12/2013 00:00,250883,,
2/13/2013 00:00,237422,,
2/14/2013 00:00,259980,,
2/15/2013 00:00,284234,,
2/16/2013 00:00,281180,,
2/17/2013 00:00,256970,,
2/18/2013 00:00,252643,,
2/19/2013 00:00,253259,,
2/20/2013 00:00,255376,,
2/21/2013 00:00,266857,,
2/22/2013 00:00,274436,,
2/23/2013 00:00,283477,,
2/24/2013 00:00,250751,,
2/25/2013 00:00,253759,,
2/26/2013 00:00,248683,,
2/27/2013 00:00,252186,,
2/28/2013 00:00,269649,,
3/1/2013 00:00,325598,,
3/2/2013 00:00,289711,,
3/3/2013 00:00,256668,,
3/4/2013 00:00,257875,,
3/5/2013 00:00,257117,,
3/6/2013 00:00,265725,,
3/7/2013 00:00,266333,,
3/8/2013 00:00,303068,,
3/9/2013 00:00,325897,,
3/10/2013 00:00,267082,,
3/11/2013 00:00,263995,,
3/12/2013 00:00,260335,,
3/13/2013 00:00,262759,,
3/14/2013 00:00,279310,,
3/15/2013 00:00,297313,,
3/16/2013 00:00,293090,,
3/17/2013 00:00,261736,,
3/18/2013 00:00,263445,,
3/19/2013 00:00,263566,,
3/20/2013 00:00,270405,,
3/21/2013 00:00,281979,,
3/22/2013 00:00,303083,,
3/23/2013 00:00,311078,,
3/24/2013 00:00,281143,,
3/25/2013 00:00,272025,,
3/26/2013 00:00,274017,,
3/27/2013 00:00,282141,,
3/28/2013 00:00,299627,,
3/29/2013 00:00,301486,,
3/30/2013 00:00,293265,,
3/31/2013 00:00,274605,,
4/1/2013 00:00,299667,,
4/2/2013 00:00,271429,,
4/3/2013 00:00,267248,,
4/4/2013 00:00,285748,,
4/5/2013 00:00,297580,,
4/6/2013 00:00,300414,,
4/7/2013 00:00,273058,,
4/8/2013 00:00,270882,,
4/9/2013 00:00,269293,,
4/10/2013 00:00,269683,,
4/11/2013 00:00,282225,,
4/12/2013 00:00,297510,,
4/13/2013 00:00,292130,,
4/14/2013 00:00,261387,,
4/15/2013 00:00,262444,,
4/16/2013 00:00,259406,,
4/17/2013 00:00,260680,,
4/18/2013 00:00,270114,,
4/19/2013 00:00,285389,,
4/20/2013 00:00,286189,,
4/21/2013 00:00,267804,,
4/22/2013 00:00,267223,,
4/23/2013 00:00,264998,,
4/24/2013 00:00,261898,,
4/25/2013 00:00,269414,,
4/26/2013 00:00,286214,,
4/27/2013 00:00,292781,,
4/28/2013 00:00,266221,,
4/29/2013 00:00,275774,,
4/30/2013 00:00,261609,,
5/1/2013 00:00,325815,,
5/2/2013 00:00,272184,,
5/3/2013 00:00,292144,,
5/4/2013 00:00,280686,,
5/5/2013 00:00,259738,,
5/6/2013 00:00,256628,,
5/7/2013 00:00,262217,,
5/8/2013 00:00,252705,,
5/9/2013 00:00,269240,,
5/10/2013 00:00,298705,,
5/11/2013 00:00,295032,,
5/12/2013 00:00,302958,,
5/13/2013 00:00,304621,,
5/14/2013 00:00,306467,,
5/15/2013 00:00,302926,,
5/16/2013 00:00,318890,,
5/17/2013 00:00,329977,,
5/18/2013 00:00,328713,,
5/19/2013 00:00,312562,,
5/20/2013 00:00,307248,,
5/21/2013 00:00,304716,,
5/22/2013 00:00,324498,,
5/23/2013 00:00,303529,,
5/24/2013 00:00,311696,,
5/25/2013 00:00,318606,,
5/26/2013 00:00,303848,,
5/27/2013 00:00,317067,,
5/28/2013 00:00,311520,,
5/29/2013 00:00,308015,,
5/30/2013 00:00,303763,,
5/31/2013 00:00,312245,,
6/1/2013 00:00,326160,,
6/2/2013 00:00,298910,,
6/3/2013 00:00,300585,,
6/4/2013 00:00,295791,,
6/5/2013 00:00,297766,,
6/6/2013 00:00,301152,,
6/7/2013 00:00,308039,,
6/8/2013 00:00,326835,,
6/9/2013 00:00,299360,,
6/10/2013 00:00,301738,,
6/11/2013 00:00,293300,,
6/12/2013 00:00,296693,,
6/13/2013 00:00,298580,,
6/14/2013 00:00,305281,,
6/15/2013 00:00,311932,,
6/16/2013 00:00,301662,,
6/17/2013 00:00,298103,,
6/18/2013 00:00,296900,,
6/19/2013 00:00,292222,,
6/20/2013 00:00,289563,,
6/21/2013 00:00,306830,,
6/22/2013 00:00,315297,,
6/23/2013 00:00,303377,,
6/24/2013 00:00,293750,,
6/25/2013 00:00,294830,,
6/26/2013 00:00,293282,,
6/27/2013 00:00,294990,,
6/28/2013 00:00,306089,,
6/29/2013 00:00,324739,,
6/30/2013 00:00,301960,,
7/1/2013 00:00,422617,,
7/2/2013 00:00,299678,,
7/3/2013 00:00,312026,,
7/4/2013 00:00,319772,,
7/5/2013 00:00,335314,,
7/6/2013 00:00,328486,,
7/7/2013 00:00,322038,,
7/8/2013 00:00,314788,,
7/9/2013 00:00,335335,,
7/10/2013 00:00,333115,,
7/11/2013 00:00,327915,,
7/12/2013 00:00,334106,,
7/13/2013 00:00,347619,,
7/14/2013 00:00,334074,,
7/15/2013 00:00,332896,,
7/16/2013 00:00,328484,,
7/17/2013 00:00,337550,,
7/18/2013 00:00,350927,,
7/19/2013 00:00,385324,,
7/20/2013 00:00,396917,,
7/21/2013 00:00,382742,,
7/22/2013 00:00,390724,,
7/23/2013 00:00,376148,,
7/24/2013 00:00,391566,,
7/25/2013 00:00,397368,,
7/26/2013 00:00,410882,,
7/27/2013 00:00,432837,,
7/28/2013 00:00,417945,,
7/29/2013 00:00,423332,,
7/30/2013 00:00,411302,,
7/31/2013 00:00,411308,,
8/1/2013 00:00,520532,,
8/2/2013 00:00,497332,,
8/3/2013 00:00,494675,,
8/4/2013 00:00,473584,,
8/5/2013 00:00,439522,,
8/6/2013 00:00,439990,,
8/7/2013 00:00,443921,,
8/8/2013 00:00,447368,,
8/9/2013 00:00,471867,,
8/10/2013 00:00,497956,,
8/11/2013 00:00,477143,,
8/12/2013 00:00,466285,,
8/13/2013 00:00,463428,,
8/14/2013 00:00,456510,,
8/15/2013 00:00,457334,,
8/16/2013 00:00,469142,,
8/17/2013 00:00,482395,,
8/18/2013 00:00,459261,,
8/19/2013 00:00,451632,,
8/20/2013 00:00,455760,,
8/21/2013 00:00,458834,,
8/22/2013 00:00,460976,,
8/23/2013 00:00,473934,,
8/24/2013 00:00,486116,,
8/25/2013 00:00,476855,,
8/26/2013 00:00,485440,,
8/27/2013 00:00,484006,,
8/28/2013 00:00,490451,,
8/29/2013 00:00,500715,,
8/30/2013 00:00,524282,,
8/31/2013 00:00,384727,,
9/1/2013 00:00,566715,,
9/2/2013 00:00,483253,,
9/3/2013 00:00,483771,,
9/4/2013 00:00,491679,,
9/5/2013 00:00,520783,,
9/6/2013 00:00,541832,,
9/7/2013 00:00,539723,,
9/8/2013 00:00,475336,,
9/9/2013 00:00,483835,,
9/10/2013 00:00,428406,,
9/11/2013 00:00,478811,,
9/12/2013 00:00,508910,,
9/13/2013 00:00,541350,,
9/14/2013 00:00,536038,,
9/15/2013 00:00,477271,,
9/16/2013 00:00,477645,,
9/17/2013 00:00,494207,,
9/18/2013 00:00,483755,,
9/19/2013 00:00,516188,,
9/20/2013 00:00,536431,,
9/21/2013 00:00,524991,,
9/22/2013 00:00,484336,,
9/23/2013 00:00,473997,,
9/24/2013 00:00,499550,,
9/25/2013 00:00,496673,,
9/26/2013 00:00,513287,,
9/27/2013 00:00,546925,,
9/28/2013 00:00,567901,,
9/29/2013 00:00,508128,,
9/30/2013 00:00,492522,,
10/1/2013 00:00,581615,,
10/2/2013 00:00,502593,,
10/3/2013 00:00,515093,,
10/4/2013 00:00,546946,,
10/5/2013 00:00,555245,,
10/6/2013 00:00,481271,,
10/7/2013 00:00,473205,,
10/8/2013 00:00,485706,,
10/9/2013 00:00,488164,,
10/10/2013 00:00,497371,,
10/11/2013 00:00,570919,,
10/12/2013 00:00,561942,,
10/13/2013 00:00,520709,,
10/14/2013 00:00,508082,,
10/15/2013 00:00,508265,,
10/16/2013 00:00,516568,,
10/17/2013 00:00,551611,,
10/18/2013 00:00,581794,,
10/19/2013 00:00,570259,,
10/20/2013 00:00,510539,,
10/21/2013 00:00,526072,,
10/22/2013 00:00,519706,,
10/23/2013 00:00,524665,,
10/24/2013 00:00,544196,,
10/25/2013 00:00,570239,,
10/26/2013 00:00,582526,,
10/27/2013 00:00,520141,,
10/28/2013 00:00,513151,,
10/29/2013 00:00,507429,,
10/30/2013 00:00,455531,,
10/31/2013 00:00,523012,,
11/1/2013 00:00,702792,,
11/2/2013 00:00,567230,,
11/3/2013 00:00,521723,,
11/4/2013 00:00,492458,,
11/5/2013 00:00,502235,,
11/6/2013 00:00,512647,,
11/7/2013 00:00,541289,,
11/8/2013 00:00,580644,,
11/9/2013 00:00,573938,,
11/10/2013 00:00,494307,,
11/11/2013 00:00,500439,,
11/12/2013 00:00,330197,,
11/13/2013 00:00,356114,,
11/14/2013 00:00,653867,,
11/15/2013 00:00,707938,,
11/16/2013 00:00,654132,,
11/17/2013 00:00,548707,,
11/18/2013 00:00,530955,,
11/19/2013 00:00,534348,,
11/20/2013 00:00,509245,,
11/21/2013 00:00,539328,,
11/22/2013 00:00,588216,,
11/23/2013 00:00,577387,,
11/24/2013 00:00,505544,,
11/25/2013 00:00,505046,,
11/26/2013 00:00,508769,,
11/27/2013 00:00,483019,,
11/28/2013 00:00,517844,,
11/29/2013 00:00,542906,,
11/30/2013 00:00,531279,,
12/1/2013 00:00,685503,,
12/2/2013 00:00,476118,,
12/3/2013 00:00,478642,,
12/4/2013 00:00,489440,,
12/5/2013 00:00,532566,,
12/6/2013 00:00,574132,,
12/7/2013 00:00,547638,,
12/8/2013 00:00,500219,,
12/9/2013 00:00,502393,,
12/10/2013 00:00,499432,,
12/11/2013 00:00,504181,,
12/12/2013 00:00,571497,,
12/13/2013 00:00,686016,,
12/14/2013 00:00,693538,,
12/15/2013 00:00,611280,,
12/16/2013 00:00,598512,,
12/17/2013 00:00,572596,,
12/18/2013 00:00,578418,,
12/19/2013 00:00,618452,,
12/20/2013 00:00,651640,,
12/21/2013 00:00,506467,,
12/22/2013 00:00,506467,,
12/23/2013 00:00,561592,,
12/24/2013 00:00,561501,,
12/25/2013 00:00,442513,,
12/26/2013 00:00,587722,,
12/27/2013 00:00,413692,,
12/28/2013 00:00,601749,,
12/29/2013 00:00,584682,,
12/30/2013 00:00,540407,,
12/31/2013 00:00,556087,,
1/1/2014 00:00,673496,,
1/2/2014 00:00,457656,,
1/3/2014 00:00,645254,,
1/4/2014 00:00,634717,,
1/5/2014 00:00,599540,,
1/6/2014 00:00,502059,,
1/7/2014 00:00,577628,,
1/8/2014 00:00,574509,,
1/9/2014 00:00,572672,,
1/10/2014 00:00,626353,,
1/11/2014 00:00,622623,,
1/12/2014 00:00,555071,,
1/13/2014 00:00,552337,,
1/14/2014 00:00,544645,,
1/15/2014 00:00,558732,,
1/16/2014 00:00,581086,,
1/17/2014 00:00,619653,,
1/18/2014 00:00,613297,,
1/19/2014 00:00,576990,,
1/20/2014 00:00,548326,,
1/21/2014 00:00,551409,,
1/22/2014 00:00,575760,,
1/23/2014 00:00,604594,,
1/24/2014 00:00,634532,,
1/25/2014 00:00,642435,,
1/26/2014 00:00,417186,,
1/27/2014 00:00,296193,,
1/28/2014 00:00,578251,,
1/29/2014 00:00,675958,,
1/30/2014 00:00,657007,,
1/31/2014 00:00,661837,,
2/1/2014 00:00,738682,,
2/2/2014 00:00,604502,,
2/3/2014 00:00,596187,,
2/4/2014 00:00,610285,,
2/5/2014 00:00,729942,,
2/6/2014 00:00,667850,,
2/7/2014 00:00,740345,,
2/8/2014 00:00,695927,,
2/9/2014 00:00,609499,,
2/10/2014 00:00,615469,,
2/11/2014 00:00,666560,,
2/12/2014 00:00,613380,,
2/13/2014 00:00,416160,,
2/14/2014 00:00,710808,,
2/15/2014 00:00,706259,,
2/16/2014 00:00,606829,,
2/17/2014 00:00,603443,,
2/18/2014 00:00,620818,,
2/19/2014 00:00,438497,,
2/20/2014 00:00,615303,,
2/21/2014 00:00,675875,,
2/22/2014 00:00,642813,,
2/23/2014 00:00,574042,,
2/24/2014 00:00,579543,,
2/25/2014 00:00,583930,,
2/26/2014 00:00,587431,,
2/27/2014 00:00,606669,,
2/28/2014 00:00,665749,,
3/1/2014 00:00,698197,,
3/2/2014 00:00,585132,,
3/3/2014 00:00,583428,,
3/4/2014 00:00,578006,,
3/5/2014 00:00,584382,,
3/6/2014 00:00,647284,,
3/7/2014 00:00,650813,,
3/8/2014 00:00,656038,,
3/9/2014 00:00,609114,,
3/10/2014 00:00,586636,,
3/11/2014 00:00,588844,,
3/12/2014 00:00,591707,,
3/13/2014 00:00,626825,,
3/14/2014 00:00,679193,,
3/15/2014 00:00,663760,,
3/16/2014 00:00,598644,,
3/17/2014 00:00,608112,,
3/18/2014 00:00,620428,,
3/19/2014 00:00,650002,,
3/20/2014 00:00,543224,,
3/21/2014 00:00,666854,,
3/22/2014 00:00,695945,,
3/23/2014 00:00,623924,,
3/24/2014 00:00,407062,,
3/25/2014 00:00,631455,,
3/26/2014 00:00,634043,,
3/27/2014 00:00,657624,,
3/28/2014 00:00,700665,,
3/29/2014 00:00,679569,,
3/30/2014 00:00,631615,,
3/31/2014 00:00,619063,,
4/1/2014 00:00,734998,,
4/2/2014 00:00,632635,,
4/3/2014 00:00,667534,,
4/4/2014 00:00,702239,,
4/5/2014 00:00,702365,,
4/6/2014 00:00,634753,,
4/7/2014 00:00,649263,,
4/8/2014 00:00,642001,,
4/9/2014 00:00,652265,,
4/10/2014 00:00,697646,,
4/11/2014 00:00,737526,,
4/12/2014 00:00,699097,,
4/13/2014 00:00,648414,,
4/14/2014 00:00,650573,,
4/15/2014 00:00,654910,,
4/16/2014 00:00,647696,,
4/17/2014 00:00,689652,,
4/18/2014 00:00,690721,,
4/19/2014 00:00,659470,,
4/20/2014 00:00,679703,,
4/21/2014 00:00,655689,,
4/22/2014 00:00,656902,,
4/23/2014 00:00,658341,,
4/24/2014 00:00,697091,,
4/25/2014 00:00,681226,,
4/26/2014 00:00,690882,,
4/27/2014 00:00,655916,,
4/28/2014 00:00,663396,,
4/29/2014 00:00,676331,,
4/30/2014 00:00,676479,,
5/1/2014 00:00,843024,,
5/2/2014 00:00,685495,,
5/3/2014 00:00,711106,,
5/4/2014 00:00,664408,,
5/5/2014 00:00,661168,,
5/6/2014 00:00,648206,,
5/7/2014 00:00,668633,,
5/8/2014 00:00,665149,,
5/9/2014 00:00,786113,,
5/10/2014 00:00,796661,,
5/11/2014 00:00,748984,,
5/12/2014 00:00,753508,,
5/13/2014 00:00,731783,,
5/14/2014 00:00,713343,,
5/15/2014 00:00,796342,,
5/16/2014 00:00,845664,,
5/17/2014 00:00,814752,,
5/18/2014 00:00,762303,,
5/19/2014 00:00,787385,,
5/20/2014 00:00,758622,,
5/21/2014 00:00,754651,,
5/22/2014 00:00,788693,,
5/23/2014 00:00,819935,,
5/24/2014 00:00,827651,,
5/25/2014 00:00,799913,,
5/26/2014 00:00,779319,,
5/27/2014 00:00,768045,,
5/28/2014 00:00,754598,,
5/29/2014 00:00,769048,,
5/30/2014 00:00,826922,,
5/31/2014 00:00,837414,,
6/1/2014 00:00,833145,,
6/2/2014 00:00,783670,,
6/3/2014 00:00,778969,,
6/4/2014 00:00,783644,,
6/5/2014 00:00,804664,,
6/6/2014 00:00,819774,,
6/7/2014 00:00,826114,,
6/8/2014 00:00,798912,,
6/9/2014 00:00,789361,,
6/10/2014 00:00,783876,,
6/11/2014 00:00,771885,,
6/12/2014 00:00,806131,,
6/13/2014 00:00,832085,,
6/14/2014 00:00,811921,,
6/15/2014 00:00,766156,,
6/16/2014 00:00,759217,,
6/17/2014 00:00,755754,,
6/18/2014 00:00,532186,,
6/19/2014 00:00,778962,,
6/20/2014 00:00,824827,,
6/21/2014 00:00,783504,,
6/22/2014 00:00,746380,,
6/23/2014 00:00,733782,,
6/24/2014 00:00,728402,,
6/25/2014 00:00,715385,,
6/26/2014 00:00,747148,,
6/27/2014 00:00,764227,,
6/28/2014 00:00,775279,,
6/29/2014 00:00,730276,,
6/30/2014 00:00,728779,,
7/1/2014 00:00,874975,,
7/2/2014 00:00,719438,,
7/3/2014 00:00,738678,,
7/4/2014 00:00,766644,,
7/5/2014 00:00,759586,,
7/6/2014 00:00,734125,,
7/7/2014 00:00,805506,,
7/8/2014 00:00,857863,,
7/9/2014 00:00,852344,,
7/10/2014 00:00,891058,,
7/11/2014 00:00,885423,,
7/12/2014 00:00,841743,,
7/13/2014 00:00,803778,,
7/14/2014 00:00,777538,,
7/15/2014 00:00,736209,,
7/16/2014 00:00,726226,,
7/17/2014 00:00,813808,,
7/18/2014 00:00,861117,,
7/19/2014 00:00,833276,,
7/20/2014 00:00,861604,,
7/21/2014 00:00,789383,,
7/22/2014 00:00,771097,,
7/23/2014 00:00,759592,,
7/24/2014 00:00,765578,,
7/25/2014 00:00,770144,,
7/26/2014 00:00,776630,,
7/27/2014 00:00,755602,,
7/28/2014 00:00,734950,,
7/29/2014 00:00,728499,,
7/30/2014 00:00,482992,,
7/31/2014 00:00,733375,,
8/1/2014 00:00,774319,,
8/2/2014 00:00,755965,,
8/3/2014 00:00,729972,,
8/4/2014 00:00,729111,,
8/5/2014 00:00,444221,,
8/6/2014 00:00,717892,,
8/7/2014 00:00,727835,,
8/8/2014 00:00,743085,,
8/9/2014 00:00,753337,,
8/10/2014 00:00,493227,,
8/11/2014 00:00,735456,,
8/12/2014 00:00,724333,,
8/13/2014 00:00,723740,,
8/14/2014 00:00,709943,,
8/15/2014 00:00,742036,,
8/16/2014 00:00,756195,,
8/17/2014 00:00,729790,,
8/18/2014 00:00,731207,,
8/19/2014 00:00,740153,,
8/20/2014 00:00,716396,,
8/21/2014 00:00,742164,,
8/22/2014 00:00,744850,,
8/23/2014 00:00,776400,,
8/24/2014 00:00,735866,,
8/25/2014 00:00,733808,,
8/26/2014 00:00,738322,,
8/27/2014 00:00,733573,,
8/28/2014 00:00,751336,,
8/29/2014 00:00,775707,,
8/30/2014 00:00,767429,,
8/31/2014 00:00,708046,,
9/1/2014 00:00,864261,,
9/2/2014 00:00,702894,,
9/3/2014 00:00,711115,,
9/4/2014 00:00,787856,,
9/5/2014 00:00,811532,,
9/6/2014 00:00,830325,,
9/7/2014 00:00,738234,,
9/8/2014 00:00,742054,,
9/9/2014 00:00,744625,,
9/10/2014 00:00,750746,,
9/11/2014 00:00,799747,,
9/12/2014 00:00,820894,,
9/13/2014 00:00,828947,,
9/14/2014 00:00,740055,,
9/15/2014 00:00,725711,,
9/16/2014 00:00,732688,,
9/17/2014 00:00,738122,,
9/18/2014 00:00,794295,,
9/19/2014 00:00,837163,,
9/20/2014 00:00,795571,,
9/21/2014 00:00,725249,,
9/22/2014 00:00,733014,,
9/23/2014 00:00,744124,,
9/24/2014 00:00,441244,,
9/25/2014 00:00,577251,,
9/26/2014 00:00,852679,,
9/27/2014 00:00,865814,,
9/28/2014 00:00,772393,,
9/29/2014 00:00,784180,,
9/30/2014 00:00,750863,,
10/1/2014 00:00,880655,,
10/2/2014 00:00,793442,,
10/3/2014 00:00,823770,,
10/4/2014 00:00,844506,,
10/5/2014 00:00,772560,,
10/6/2014 00:00,747971,,
10/7/2014 00:00,752899,,
10/8/2014 00:00,741823,,
10/9/2014 00:00,796121,,
10/10/2014 00:00,885661,,
10/11/2014 00:00,839830,,
10/12/2014 00:00,751557,,
10/13/2014 00:00,742438,,
10/14/2014 00:00,736163,,
10/15/2014 00:00,752691,,
10/16/2014 00:00,821660,,
10/17/2014 00:00,875602,,
10/18/2014 00:00,839975,,
10/19/2014 00:00,742670,,
10/20/2014 00:00,754053,,
10/21/2014 00:00,748329,,
10/22/2014 00:00,760439,,
10/23/2014 00:00,824850,,
10/24/2014 00:00,879052,,
10/25/2014 00:00,826031,,
10/26/2014 00:00,760178,,
10/27/2014 00:00,759484,,
10/28/2014 00:00,761104,,
10/29/2014 00:00,773409,,
10/30/2014 00:00,822930,,
10/31/2014 00:00,872471,,
11/1/2014 00:00,963810,,
11/2/2014 00:00,797497,,
11/3/2014 00:00,796256,,
11/4/2014 00:00,775711,,
11/5/2014 00:00,771061,,
11/6/2014 00:00,850677,,
11/7/2014 00:00,892972,,
11/8/2014 00:00,864404,,
11/9/2014 00:00,739095,,
11/10/2014 00:00,755168,,
11/11/2014 00:00,739531,,
11/12/2014 00:00,732042,,
11/13/2014 00:00,805654,,
11/14/2014 00:00,898676,,
11/15/2014 00:00,846146,,
11/16/2014 00:00,734826,,
11/17/2014 00:00,730554,,
11/18/2014 00:00,742819,,
11/19/2014 00:00,745069,,
11/20/2014 00:00,888114,,
11/21/2014 00:00,882567,,
11/22/2014 00:00,930531,,
11/23/2014 00:00,825663,,
11/24/2014 00:00,819901,,
11/25/2014 00:00,817514,,
11/26/2014 00:00,806882,,
11/27/2014 00:00,881330,,
11/28/2014 00:00,924295,,
11/29/2014 00:00,884176,,
11/30/2014 00:00,767246,,
12/1/2014 00:00,936583,,
12/2/2014 00:00,773994,,
12/3/2014 00:00,792118,,
12/4/2014 00:00,855307,,
12/5/2014 00:00,580168,,
12/6/2014 00:00,876239,,
12/7/2014 00:00,752165,,
12/8/2014 00:00,736765,,
12/9/2014 00:00,726601,,
12/10/2014 00:00,728204,,
12/11/2014 00:00,797714,,
12/12/2014 00:00,869563,,
12/13/2014 00:00,822260,,
12/14/2014 00:00,740088,,
12/15/2014 00:00,755511,,
12/16/2014 00:00,754105,,
12/17/2014 00:00,747681,,
12/18/2014 00:00,818576,,
12/19/2014 00:00,870804,,
12/20/2014 00:00,847643,,
12/21/2014 00:00,776530,,
12/22/2014 00:00,777888,,
12/23/2014 00:00,742414,,
12/24/2014 00:00,759807,,
12/25/2014 00:00,823782,,
12/26/2014 00:00,872886,,
12/27/2014 00:00,847413,,
12/28/2014 00:00,815599,,
12/29/2014 00:00,819209,,
12/30/2014 00:00,752301,,
12/31/2014 00:00,795369,,
1/1/2015 00:00,961737,,
1/2/2015 00:00,878508,,
1/3/2015 00:00,835544,,
1/4/2015 00:00,770788,,
1/5/2015 00:00,844391,,
1/6/2015 00:00,641040,,
1/7/2015 00:00,870048,,
1/8/2015 00:00,911376,,
1/9/2015 00:00,961580,,
1/10/2015 00:00,906632,,
1/11/2015 00:00,820956,,
1/12/2015 00:00,810767,,
1/13/2015 00:00,700680,,
1/14/2015 00:00,819856,,
1/15/2015 00:00,846903,,
1/16/2015 00:00,918330,,
1/17/2015 00:00,867482,,
1/18/2015 00:00,794596,,
1/19/2015 00:00,779020,,
1/20/2015 00:00,789035,,
1/21/2015 00:00,803806,,
1/22/2015 00:00,860424,,
1/23/2015 00:00,918844,,
1/24/2015 00:00,899373,,
1/25/2015 00:00,795036,,
1/26/2015 00:00,799664,,
1/27/2015 00:00,799664,,
1/28/2015 00:00,845424,,
1/29/2015 00:00,911684,,
1/30/2015 00:00,967892,,
1/31/2015 00:00,946322,,
2/1/2015 00:00,1262612,,
2/2/2015 00:00,823464,,
2/3/2015 00:00,822106,,
2/4/2015 00:00,849207,,
2/5/2015 00:00,843125,,
2/6/2015 00:00,639451,,
2/7/2015 00:00,639451,,
2/8/2015 00:00,639451,,
2/9/2015 00:00,639451,,
2/10/2015 00:00,490132,,
2/11/2015 00:00,490132,,
2/12/2015 00:00,490132,,
2/13/2015 00:00,1075464,,
2/14/2015 00:00,1059384,,
2/15/2015 00:00,986689,,
2/16/2015 00:00,,,
2/17/2015 00:00,696702,,
2/18/2015 00:00,1195170,,
2/19/2015 00:00,1179958,,
2/20/2015 00:00,1227193,,
2/21/2015 00:00,1263992,,
2/22/2015 00:00,1193305,,
2/23/2015 00:00,1174502,,
2/24/2015 00:00,626977,,
2/25/2015 00:00,,,
2/26/2015 00:00,,,
2/27/2015 00:00,,,
2/28/2015 00:00,,,
3/1/2015 00:00,1213940,,
3/2/2015 00:00,,,
3/3/2015 00:00,,,
3/4/2015 00:00,,,
3/5/2015 00:00,,,
3/6/2015 00:00,,,
3/7/2015 00:00,,,
3/8/2015 00:00,,,
3/9/2015 00:00,,,
3/10/2015 00:00,,,
3/11/2015 00:00,,,
3/12/2015 00:00,,,
3/13/2015 00:00,,,
3/14/2015 00:00,,,
3/15/2015 00:00,,,
3/16/2015 00:00,,,
3/17/2015 00:00,,,
3/18/2015 00:00,,,
3/19/2015 00:00,913348,,
3/20/2015 00:00,957147,,
3/21/2015 00:00,911731,,
3/22/2015 00:00,867248,,
3/23/2015 00:00,864013,,
3/24/2015 00:00,842421,,
3/25/2015 00:00,842888,,
3/26/2015 00:00,629409,,
3/27/2015 00:00,,,
3/28/2015 00:00,,,
3/29/2015 00:00,853529,,
3/30/2015 00:00,836449,,
3/31/2015 00:00,842393,,
4/1/2015 00:00,929677,,
4/2/2015 00:00,901462,,
4/3/2015 00:00,922695,,
4/4/2015 00:00,929965,,
4/5/2015 00:00,843453,,
4/6/2015 00:00,834242,,
4/7/2015 00:00,826130,,
4/8/2015 00:00,820298,,
4/9/2015 00:00,875481,,
4/10/2015 00:00,903257,,
4/11/2015 00:00,849645,,
4/12/2015 00:00,771792,,
4/13/2015 00:00,721862,,
4/14/2015 00:00,,,
4/15/2015 00:00,779682,,
4/16/2015 00:00,831742,,
4/17/2015 00:00,902325,,
4/18/2015 00:00,872549,,
4/19/2015 00:00,872742,,
4/20/2015 00:00,794160,,
4/21/2015 00:00,789852,,
4/22/2015 00:00,780972,,
4/23/2015 00:00,802508,,
4/24/2015 00:00,852601,,
4/25/2015 00:00,852890,,
4/26/2015 00:00,807832,,
4/27/2015 00:00,772144,,
4/28/2015 00:00,774202,,
4/29/2015 00:00,836630,,
4/30/2015 00:00,898359,,
5/1/2015 00:00,950606,,
5/2/2015 00:00,950822,,
5/3/2015 00:00,928579,,
5/4/2015 00:00,882081,,
5/5/2015 00:00,857429,,
5/6/2015 00:00,869201,,
5/7/2015 00:00,912552,,
5/8/2015 00:00,926583,,
5/9/2015 00:00,926577,,
5/10/2015 00:00,900144,,
5/11/2015 00:00,867261,,
5/12/2015 00:00,834134,,
5/13/2015 00:00,836113,,
5/14/2015 00:00,923163,,
5/15/2015 00:00,970403,,
5/16/2015 00:00,967674,,
5/17/2015 00:00,947464,,
5/18/2015 00:00,855852,,
5/19/2015 00:00,853462,,
5/20/2015 00:00,847976,,
5/21/2015 00:00,888099,,
5/22/2015 00:00,923872,,
5/23/2015 00:00,923516,,
5/24/2015 00:00,934059,,
5/25/2015 00:00,934021,,
5/26/2015 00:00,903191,,
5/27/2015 00:00,903871,,
5/28/2015 00:00,953994,,
5/29/2015 00:00,967041,,
5/30/2015 00:00,967028,,
5/31/2015 00:00,948817,,
6/1/2015 00:00,894667,,
6/2/2015 00:00,880873,,
6/3/2015 00:00,881166,,
6/4/2015 00:00,906295,,
6/5/2015 00:00,914899,,
6/6/2015 00:00,914947,,
6/7/2015 00:00,915726,,
6/8/2015 00:00,876602,,
6/9/2015 00:00,870367,,
6/10/2015 00:00,842885,,
6/11/2015 00:00,859840,,
6/12/2015 00:00,830005,,
6/13/2015 00:00,839119,,
6/14/2015 00:00,845925,,
6/15/2015 00:00,777241,,
6/16/2015 00:00,837237,,
6/17/2015 00:00,828753,,
6/18/2015 00:00,838864,,
6/19/2015 00:00,864624,,
6/20/2015 00:00,884235,,
6/21/2015 00:00,883998,,
6/22/2015 00:00,839068,,
6/23/2015 00:00,828032,,
6/24/2015 00:00,823427,,
6/25/2015 00:00,810853,,
6/26/2015 00:00,830005,,
6/27/2015 00:00,866173,,
6/28/2015 00:00,855257,,
6/29/2015 00:00,811830,,
6/30/2015 00:00,805421,,
7/1/2015 00:00,785837,,
7/2/2015 00:00,800840,,
7/3/2015 00:00,828386,,
7/4/2015 00:00,852530,,
7/5/2015 00:00,840577,,
7/6/2015 00:00,809017,,
7/7/2015 00:00,783335,,
7/8/2015 00:00,808039,,
7/9/2015 00:00,804106,,
7/10/2015 00:00,799339,,
7/11/2015 00:00,858730,,
7/12/2015 00:00,857639,,
7/13/2015 00:00,816802,,
7/14/2015 00:00,814225,,
7/15/2015 00:00,785121,,
7/16/2015 00:00,788378,,
7/17/2015 00:00,764390,,
7/18/2015 00:00,792754,,
7/19/2015 00:00,807297,,
7/20/2015 00:00,783793,,
7/21/2015 00:00,756317,,
7/22/2015 00:00,794089,,
7/23/2015 00:00,807766,,
7/24/2015 00:00,804324,,
7/25/2015 00:00,831185,,
7/26/2015 00:00,836977,,
7/27/2015 00:00,819270,,
7/28/2015 00:00,857715,,
7/29/2015 00:00,772649,,
7/30/2015 00:00,862533,,
7/31/2015 00:00,877264,,
8/1/2015 00:00,888922,,
8/2/2015 00:00,869897,,
8/3/2015 00:00,849227,,
8/4/2015 00:00,867682,,
8/5/2015 00:00,881341,,
8/6/2015 00:00,892250,,
8/7/2015 00:00,905992,,
8/8/2015 00:00,929855,,
8/9/2015 00:00,933942,,
8/10/2015 00:00,903742,,
8/11/2015 00:00,891526,,
8/12/2015 00:00,871844,,
8/13/2015 00:00,843077,,
8/14/2015 00:00,882479,,
8/15/2015 00:00,912167,,
8/16/2015 00:00,913025,,
8/17/2015 00:00,871136,,
8/18/2015 00:00,887483,,
8/19/2015 00:00,865650,,
8/20/2015 00:00,859559,,
8/21/2015 00:00,883124,,
8/22/2015 00:00,914821,,
8/23/2015 00:00,898915,,
8/24/2015 00:00,875519,,
8/25/2015 00:00,871290,,
8/26/2015 00:00,869550,,
8/27/2015 00:00,878261,,
8/28/2015 00:00,904806,,
8/29/2015 00:00,928196,,
8/30/2015 00:00,929404,,
8/31/2015 00:00,866614,,
9/1/2015 00:00,848618,,
9/2/2015 00:00,712621,,
9/3/2015 00:00,805198,,
9/4/2015 00:00,853017,,
9/5/2015 00:00,888728,,
9/6/2015 00:00,872955,,
9/7/2015 00:00,808091,,
9/8/2015 00:00,794153,,
9/9/2015 00:00,779742,,
9/10/2015 00:00,741933,,
9/11/2015 00:00,816490,,
9/12/2015 00:00,863533,,
9/13/2015 00:00,887735,,
9/14/2015 00:00,804409,,
9/15/2015 00:00,797276,,
9/16/2015 00:00,788458,,
9/17/2015 00:00,780077,,
9/18/2015 00:00,843743,,
9/19/2015 00:00,854655,,
9/20/2015 00:00,727645,,
9/21/2015 00:00,759409,,
9/22/2015 00:00,777899,,
9/23/2015 00:00,675559,,
9/24/2015 00:00,790979,,
9/25/2015 00:00,830620,,
9/26/2015 00:00,869752,,
9/27/2015 00:00,861278,,
9/28/2015 00:00,785665,,
9/29/2015 00:00,793599,,
9/30/2015 00:00,794067,,
10/1/2015 00:00,783710,,
10/2/2015 00:00,806087,,
10/3/2015 00:00,806902,,
10/4/2015 00:00,846506,,
10/5/2015 00:00,741110,,
10/6/2015 00:00,784148,,
10/7/2015 00:00,769463,,
10/8/2015 00:00,774094,,
10/9/2015 00:00,807696,,
10/10/2015 00:00,891315,,
10/11/2015 00:00,871013,,
10/12/2015 00:00,777595,,
10/13/2015 00:00,789560,,
10/14/2015 00:00,781300,,
10/15/2015 00:00,775912,,
10/16/2015 00:00,838099,,
10/17/2015 00:00,886420,,
10/18/2015 00:00,877413,,
10/19/2015 00:00,783032,,
10/20/2015 00:00,788728,,
10/21/2015 00:00,737324,,
10/22/2015 00:00,614219,,
10/23/2015 00:00,855782,,
10/24/2015 00:00,920726,,
10/25/2015 00:00,880653,,
10/26/2015 00:00,787502,,
10/27/2015 00:00,794911,,
10/28/2015 00:00,794600,,
10/29/2015 00:00,807071,,
10/30/2015 00:00,812865,,
10/31/2015 00:00,884658,,
11/1/2015 00:00,820301,,
11/2/2015 00:00,804955,,
11/3/2015 00:00,807035,,
11/4/2015 00:00,827611,,
11/5/2015 00:00,812189,,
11/6/2015 00:00,862751,,
11/7/2015 00:00,936435,,
11/8/2015 00:00,883820,,
11/9/2015 00:00,786685,,
11/10/2015 00:00,764623,,
11/11/2015 00:00,758508,,
11/12/2015 00:00,762902,,
11/13/2015 00:00,770842,,
11/14/2015 00:00,893696,,
11/15/2015 00:00,885519,,
11/16/2015 00:00,768503,,
11/17/2015 00:00,762878,,
11/18/2015 00:00,805364,,
11/19/2015 00:00,814711,,
11/20/2015 00:00,868800,,
11/21/2015 00:00,943635,,
11/22/2015 00:00,938452,,
11/23/2015 00:00,819893,,
11/24/2015 00:00,824984,,
11/25/2015 00:00,801070,,
11/26/2015 00:00,806469,,
11/27/2015 00:00,872981,,
11/28/2015 00:00,932447,,
11/29/2015 00:00,892824,,
11/30/2015 00:00,785340,,
12/1/2015 00:00,787339,,
12/2/2015 00:00,793816,,
12/3/2015 00:00,811370,,
12/4/2015 00:00,875300,,
12/5/2015 00:00,965737,,
12/6/2015 00:00,910799,,
12/7/2015 00:00,812398,,
12/8/2015 00:00,809411,,
12/9/2015 00:00,801863,,
12/10/2015 00:00,813830,,
12/11/2015 00:00,875420,,
12/12/2015 00:00,945840,,
12/13/2015 00:00,912044,,
12/14/2015 00:00,811128,,
12/15/2015 00:00,823501,,
12/16/2015 00:00,853789,,
12/17/2015 00:00,878623,,
12/18/2015 00:00,949318,,
12/19/2015 00:00,979628,,
12/20/2015 00:00,999452,,
12/21/2015 00:00,863814,,
12/22/2015 00:00,870708,,
12/23/2015 00:00,855222,,
12/24/2015 00:00,816695,,
12/25/2015 00:00,869546,,
12/26/2015 00:00,950224,,
12/27/2015 00:00,926607,,
12/28/2015 00:00,901861,,
12/29/2015 00:00,888853,,
12/30/2015 00:00,909917,,
12/31/2015 00:00,806555,,
1/1/2016 00:00,908676,,
1/2/2016 00:00,967158,,
1/3/2016 00:00,936423,,
1/4/2016 00:00,906887,,
1/5/2016 00:00,916418,,
1/6/2016 00:00,907849,,
1/7/2016 00:00,915795,,
1/8/2016 00:00,971474,,
1/9/2016 00:00,1016123,,
1/10/2016 00:00,978404,,
1/11/2016 00:00,868092,,
1/12/2016 00:00,888782,,
1/13/2016 00:00,858890,,
1/14/2016 00:00,870706,,
1/15/2016 00:00,919812,,
1/16/2016 00:00,996761,,
1/17/2016 00:00,967204,,
1/18/2016 00:00,885798,,
1/19/2016 00:00,876166,,
1/20/2016 00:00,880816,,
1/21/2016 00:00,884792,,
1/22/2016 00:00,946767,,
1/23/2016 00:00,1022688,,
1/24/2016 00:00,1003513,,
1/25/2016 00:00,929946,,
1/26/2016 00:00,880313,,
1/27/2016 00:00,876146,,
1/28/2016 00:00,922032,,
1/29/2016 00:00,997689,,
1/30/2016 00:00,1067949,,
1/31/2016 00:00,1047836,,
2/1/2016 00:00,993486,,
2/2/2016 00:00,945797,,
2/3/2016 00:00,931889,,
2/4/2016 00:00,965592,,
2/5/2016 00:00,1000846,,
2/6/2016 00:00,1093897,,
2/7/2016 00:00,1127317,,
2/8/2016 00:00,1080658,,
2/9/2016 00:00,1012750,,
2/10/2016 00:00,934637,,
2/11/2016 00:00,886275,,
2/12/2016 00:00,925500,,
2/13/2016 00:00,1107352,,
2/14/2016 00:00,1170144,,
2/15/2016 00:00,1050989,,
2/16/2016 00:00,999717,,
2/17/2016 00:00,1090386,,
2/18/2016 00:00,954507,,
2/19/2016 00:00,1121480,,
2/20/2016 00:00,1201420,,
2/21/2016 00:00,1196126,,
2/22/2016 00:00,1095546,,
2/23/2016 00:00,1143594,,
2/24/2016 00:00,1098648,,
2/25/2016 00:00,1024281,,
2/26/2016 00:00,1153809,,
2/27/2016 00:00,1165206,,
2/28/2016 00:00,1248394,,
2/29/2016 00:00,1052123,,
3/1/2016 00:00,1138653,,
3/2/2016 00:00,1081111,,
3/3/2016 00:00,921469,,
3/4/2016 00:00,1013455,,
3/5/2016 00:00,1246426,,
3/6/2016 00:00,1291328,,
3/7/2016 00:00,989453,,
3/8/2016 00:00,1005460,,
3/9/2016 00:00,903254,,
3/10/2016 00:00,897208,,
3/11/2016 00:00,977257,,
3/12/2016 00:00,1192793,,
3/13/2016 00:00,1014433,,
3/14/2016 00:00,885350,,
3/15/2016 00:00,922669,,
3/16/2016 00:00,942661,,
3/17/2016 00:00,1004820,,
3/18/2016 00:00,1033078,,
3/19/2016 00:00,1086823,,
3/20/2016 00:00,991554,,
3/21/2016 00:00,895818,,
3/22/2016 00:00,923745,,
3/23/2016 00:00,920575,,
3/24/2016 00:00,970287,,
3/25/2016 00:00,879819,,
3/26/2016 00:00,1009146,,
3/27/2016 00:00,950291,,
3/28/2016 00:00,900401,,
3/29/2016 00:00,923884,,
3/30/2016 00:00,1028892,,
3/31/2016 00:00,893561,,
4/1/2016 00:00,978016,,
4/2/2016 00:00,1020215,,
4/3/2016 00:00,1009641,,
4/4/2016 00:00,906954,,
4/5/2016 00:00,866902,,
4/6/2016 00:00,912967,,
4/7/2016 00:00,882142,,
4/8/2016 00:00,1092497,,
4/9/2016 00:00,1164041,,
4/10/2016 00:00,1130501,,
4/11/2016 00:00,1003496,,
4/12/2016 00:00,891653,,
4/13/2016 00:00,942024,,
4/14/2016 00:00,984923,,
4/15/2016 00:00,926866,,
4/16/2016 00:00,979987,,
4/17/2016 00:00,942751,,
4/18/2016 00:00,837640,,
4/19/2016 00:00,873649,,
4/20/2016 00:00,866355,,
4/21/2016 00:00,977275,,
4/22/2016 00:00,925060,,
4/23/2016 00:00,1007743,,
4/24/2016 00:00,1092606,,
4/25/2016 00:00,872906,,
4/26/2016 00:00,969811,,
4/27/2016 00:00,899369,,
4/28/2016 00:00,871988,,
4/29/2016 00:00,916857,,
4/30/2016 00:00,944783,,
5/1/2016 00:00,893786,,
5/2/2016 00:00,873719,,
5/3/2016 00:00,877671,,
5/4/2016 00:00,863315,,
5/5/2016 00:00,876961,,
5/6/2016 00:00,919529,,
5/7/2016 00:00,941896,,
5/8/2016 00:00,944043,,
5/9/2016 00:00,874930,,
5/10/2016 00:00,847817,,
5/11/2016 00:00,829995,,
5/12/2016 00:00,862858,,
5/13/2016 00:00,983743,,
5/14/2016 00:00,1075307,,
5/15/2016 00:00,1056621,,
5/16/2016 00:00,910008,,
5/17/2016 00:00,986868,,
5/18/2016 00:00,989222,,
5/19/2016 00:00,988180,,
5/20/2016 00:00,1027366,,
5/21/2016 00:00,1073994,,
5/22/2016 00:00,1068217,,
5/23/2016 00:00,963981,,
5/24/2016 00:00,1000686,,
5/25/2016 00:00,949238,,
5/26/2016 00:00,1030731,,
5/27/2016 00:00,998972,,
5/28/2016 00:00,1016949,,
5/29/2016 00:00,988129,,
5/30/2016 00:00,962426,,
5/31/2016 00:00,940251,,
6/1/2016 00:00,921697,,
6/2/2016 00:00,946165,,
6/3/2016 00:00,971003,,
6/4/2016 00:00,984916,,
6/5/2016 00:00,994354,,
6/6/2016 00:00,968052,,
6/7/2016 00:00,945905,,
6/8/2016 00:00,970836,,
6/9/2016 00:00,968942,,
6/10/2016 00:00,976803,,
6/11/2016 00:00,982760,,
6/12/2016 00:00,1036733,,
6/13/2016 00:00,962167,,
6/14/2016 00:00,1008577,,
6/15/2016 00:00,901222,,
6/16/2016 00:00,884161,,
6/17/2016 00:00,955263,,
6/18/2016 00:00,950177,,
6/19/2016 00:00,915821,,
6/20/2016 00:00,889938,,
6/21/2016 00:00,889602,,
6/22/2016 00:00,875589,,
6/23/2016 00:00,941517,,
6/24/2016 00:00,934397,,
6/25/2016 00:00,996156,,
6/26/2016 00:00,1095994,,
6/27/2016 00:00,899151,,
6/28/2016 00:00,941866,,
6/29/2016 00:00,934635,,
6/30/2016 00:00,876437,,
7/1/2016 00:00,955332,,
7/2/2016 00:00,1034523,,
7/3/2016 00:00,1084198,,
7/4/2016 00:00,907396,,
7/5/2016 00:00,938774,,
7/6/2016 00:00,847444,,
7/7/2016 00:00,851606,,
7/8/2016 00:00,902646,,
7/9/2016 00:00,953051,,
7/10/2016 00:00,971591,,
7/11/2016 00:00,834216,,
7/12/2016 00:00,868018,,
7/13/2016 00:00,832214,,
7/14/2016 00:00,869082,,
7/15/2016 00:00,910739,,
7/16/2016 00:00,972512,,
7/17/2016 00:00,883939,,
7/18/2016 00:00,923904,,
7/19/2016 00:00,932897,,
7/20/2016 00:00,940417,,
7/21/2016 00:00,864108,,
7/22/2016 00:00,899179,,
7/23/2016 00:00,959735,,
7/24/2016 00:00,950579,,
7/25/2016 00:00,941567,,
7/26/2016 00:00,945911,,
7/27/2016 00:00,922817,,
7/28/2016 00:00,772739,,
7/29/2016 00:00,1050910,,
7/30/2016 00:00,1028542,,
7/31/2016 00:00,982324,,
8/1/2016 00:00,853948,,
8/2/2016 00:00,857039,,
8/3/2016 00:00,847193,,
8/4/2016 00:00,856402,,
8/5/2016 00:00,887038,,
8/6/2016 00:00,946299,,
8/7/2016 00:00,908839,,
8/8/2016 00:00,1007423,,
8/9/2016 00:00,1016288,,
8/10/2016 00:00,868027,,
8/11/2016 00:00,877254,,
8/12/2016 00:00,1025898,,
8/13/2016 00:00,1096936,,
8/14/2016 00:00,1117159,,
8/15/2016 00:00,1009525,,
8/16/2016 00:00,950802,,
8/17/2016 00:00,937666,,
8/18/2016 00:00,999632,,
8/19/2016 00:00,1117519,,
8/20/2016 00:00,1041687,,
8/21/2016 00:00,1023582,,
8/22/2016 00:00,1001926,,
8/23/2016 00:00,895178,,
8/24/2016 00:00,992383,,
8/25/2016 00:00,951103,,
8/26/2016 00:00,1007106,,
8/27/2016 00:00,1054773,,
8/28/2016 00:00,1069334,,
8/29/2016 00:00,1008354,,
8/30/2016 00:00,963143,,
8/31/2016 00:00,989275,,
9/1/2016 00:00,874030,,
9/2/2016 00:00,939022,,
9/3/2016 00:00,1064377,,
9/4/2016 00:00,1046892,,
9/5/2016 00:00,961806,,
9/6/2016 00:00,952043,,
9/7/2016 00:00,939048,,
9/8/2016 00:00,965343,,
9/9/2016 00:00,925155,,
9/10/2016 00:00,1017684,,
9/11/2016 00:00,1047489,,
9/12/2016 00:00,949933,,
9/13/2016 00:00,955281,,
9/14/2016 00:00,876337,,
9/15/2016 00:00,877136,,
9/16/2016 00:00,938429,,
9/17/2016 00:00,992073,,
9/18/2016 00:00,934347,,
9/19/2016 00:00,876777,,
9/20/2016 00:00,843493,,
9/21/2016 00:00,839727,,
9/22/2016 00:00,871261,,
9/23/2016 00:00,982236,,
9/24/2016 00:00,1048369,,
9/25/2016 00:00,1025262,,
9/26/2016 00:00,929709,,
9/27/2016 00:00,823318,,
9/28/2016 00:00,796064,,
9/29/2016 00:00,823204,,
9/30/2016 00:00,907927,,
10/1/2016 00:00,956207,,
10/2/2016 00:00,924284,,
10/3/2016 00:00,925861,,
10/4/2016 00:00,812146,,
10/5/2016 00:00,846864,,
10/6/2016 00:00,846536,,
10/7/2016 00:00,1005075,,
10/8/2016 00:00,1080120,,
10/9/2016 00:00,1124393,,
10/10/2016 00:00,1013684,,
10/11/2016 00:00,869275,,
10/12/2016 00:00,871250,,
10/13/2016 00:00,899020,,
10/14/2016 00:00,979648,,
10/15/2016 00:00,1073189,,
10/16/2016 00:00,1141191,,
10/17/2016 00:00,986810,,
10/18/2016 00:00,844890,,
10/19/2016 00:00,844007,,
10/20/2016 00:00,883446,,
10/21/2016 00:00,936017,,
10/22/2016 00:00,1082337,,
10/23/2016 00:00,1038782,,
10/24/2016 00:00,925082,,
10/25/2016 00:00,849224,,
10/26/2016 00:00,835726,,
10/27/2016 00:00,841845,,
10/28/2016 00:00,898644,,
10/29/2016 00:00,972484,,
10/30/2016 00:00,996442,,
10/31/2016 00:00,869077,,
11/1/2016 00:00,863536,,
11/2/2016 00:00,858232,,
11/3/2016 00:00,894056,,
11/4/2016 00:00,992486,,
11/5/2016 00:00,1007270,,
11/6/2016 00:00,989444,,
11/7/2016 00:00,867157,,
11/8/2016 00:00,838370,,
11/9/2016 00:00,821215,,
11/10/2016 00:00,826504,,
11/11/2016 00:00,902780,,
11/12/2016 00:00,994439,,
11/13/2016 00:00,925056,,
11/14/2016 00:00,837416,,
11/15/2016 00:00,831356,,
11/16/2016 00:00,830947,,
11/17/2016 00:00,861867,,
11/18/2016 00:00,914620,,
11/19/2016 00:00,987571,,
11/20/2016 00:00,936117,,
11/21/2016 00:00,800134,,
11/22/2016 00:00,840040,,
11/23/2016 00:00,829744,,
11/24/2016 00:00,837744,,
11/25/2016 00:00,901685,,
11/26/2016 00:00,978078,,
11/27/2016 00:00,923811,,
11/28/2016 00:00,821273,,
11/29/2016 00:00,843972,,
11/30/2016 00:00,818679,,
12/1/2016 00:00,848867,,
12/2/2016 00:00,934549,,
12/3/2016 00:00,967219,,
12/4/2016 00:00,955268,,
12/5/2016 00:00,879093,,
12/6/2016 00:00,837835,,
12/7/2016 00:00,848425,,
12/8/2016 00:00,862031,,
12/9/2016 00:00,931048,,
12/10/2016 00:00,1014671,,
12/11/2016 00:00,1007709,,
12/12/2016 00:00,926544,,
12/13/2016 00:00,837491,,
12/14/2016 00:00,869479,,
12/15/2016 00:00,853568,,
12/16/2016 00:00,904964,,
12/17/2016 00:00,969426,,
12/18/2016 00:00,946978,,
12/19/2016 00:00,842047,,
12/20/2016 00:00,846536,,
12/21/2016 00:00,836669,,
12/22/2016 00:00,840496,,
12/23/2016 00:00,882051,,
12/24/2016 00:00,882639,,
12/25/2016 00:00,872565,,
12/26/2016 00:00,855793,,
12/27/2016 00:00,854494,,
12/28/2016 00:00,852077,,
12/29/2016 00:00,849283,,
12/30/2016 00:00,876045,,
12/31/2016 00:00,777536,,
1/1/2017 00:00,850626,,
1/2/2017 00:00,886188,,
1/3/2017 00:00,850585,,
1/4/2017 00:00,851594,,
1/5/2017 00:00,860155,,
1/6/2017 00:00,891607,,
1/7/2017 00:00,951912,,
1/8/2017 00:00,900939,,
1/9/2017 00:00,751709,,
1/10/2017 00:00,792744,,
1/11/2017 00:00,817786,,
1/12/2017 00:00,804433,,
1/13/2017 00:00,848643,,
1/14/2017 00:00,924825,,
1/15/2017 00:00,902299,,
1/16/2017 00:00,807531,,
1/17/2017 00:00,798005,,
1/18/2017 00:00,787071,,
1/19/2017 00:00,804010,,
1/20/2017 00:00,823242,,
1/21/2017 00:00,869907,,
1/22/2017 00:00,865928,,202891
1/23/2017 00:00,790204,,136911
1/24/2017 00:00,780377,,80485
1/25/2017 00:00,772369,,78520
1/26/2017 00:00,777407,,107376
1/27/2017 00:00,933055,,84178
1/28/2017 00:00,1007451,,132721
1/29/2017 00:00,966828,,136010
1/30/2017 00:00,896830,,153426
1/31/2017 00:00,912614,,160219
2/1/2017 00:00,931120,,125351
2/2/2017 00:00,944817,,83254
2/3/2017 00:00,983760,,94372
2/4/2017 00:00,1040877,,162965
2/5/2017 00:00,1022731,,165156
2/6/2017 00:00,919171,,116167
2/7/2017 00:00,818519,,175902
2/8/2017 00:00,824841,,139760
2/9/2017 00:00,839432,,132897
2/10/2017 00:00,882398,,131709
2/11/2017 00:00,944609,,114926
2/12/2017 00:00,915733,,119830
2/13/2017 00:00,816284,,123646
2/14/2017 00:00,763854,,57072
2/15/2017 00:00,828207,,74222
2/16/2017 00:00,864908,,73959
2/17/2017 00:00,880635,,85484
2/18/2017 00:00,924359,,69654
2/19/2017 00:00,900158,,72186
2/20/2017 00:00,813340,,76810
2/21/2017 00:00,816915,,48708
2/22/2017 00:00,824230,,58820
2/23/2017 00:00,836361,,104242
2/24/2017 00:00,891018,,107532
2/25/2017 00:00,938859,,143630
2/26/2017 00:00,869726,,211080
2/27/2017 00:00,798602,,50068
2/28/2017 00:00,760247,,72927
3/1/2017 00:00,793551,,54172
3/2/2017 00:00,792133,,62634
3/3/2017 00:00,838369,,60862
3/4/2017 00:00,886096,,68696
3/5/2017 00:00,836762,,62436
3/6/2017 00:00,740427,,131944
3/7/2017 00:00,770591,,77428
3/8/2017 00:00,791145,,130828
3/9/2017 00:00,751210,,111400
3/10/2017 00:00,851839,,187961
3/11/2017 00:00,916995,,191853
3/12/2017 00:00,871958,,257905
3/13/2017 00:00,761569,,308261
3/14/2017 00:00,758831,,119301
3/15/2017 00:00,756315,,83506
3/16/2017 00:00,751091,,68174
3/17/2017 00:00,868543,,59375
3/18/2017 00:00,945789,,92217
3/19/2017 00:00,886398,,101669
3/20/2017 00:00,808535,,75850
3/21/2017 00:00,549146,,61410
3/22/2017 00:00,552204,,68316
3/23/2017 00:00,796385,,57278
3/24/2017 00:00,855034,,54370
3/25/2017 00:00,881402,,67226
3/26/2017 00:00,864526,,67670
3/27/2017 00:00,785429,,145357
3/28/2017 00:00,767539,,147722
3/29/2017 00:00,768780,,125300
3/30/2017 00:00,780174,,50862
3/31/2017 00:00,814617,,45551
4/1/2017 00:00,877691,,219166
4/2/2017 00:00,862265,,191515
4/3/2017 00:00,811103,,171473
4/4/2017 00:00,786278,,203609
4/5/2017 00:00,803248,,56339
4/6/2017 00:00,803526,,54088
4/7/2017 00:00,851614,,61228
4/8/2017 00:00,921318,,54310
4/9/2017 00:00,856823,,64829
4/10/2017 00:00,732923,,86541
4/11/2017 00:00,743478,,75392
4/12/2017 00:00,737123,,60174
4/13/2017 00:00,761425,,70854
4/14/2017 00:00,806490,,75575
4/15/2017 00:00,847250,,62505
4/16/2017 00:00,797696,,67103
4/17/2017 00:00,758335,,56847
4/18/2017 00:00,744324,,52860
4/19/2017 00:00,730801,,57770
4/20/2017 00:00,756855,,62342
4/21/2017 00:00,834565,,102778
4/22/2017 00:00,884941,,118932
4/23/2017 00:00,847525,,71149
4/24/2017 00:00,777807,,315497
4/25/2017 00:00,760200,,281573
4/26/2017 00:00,757343,,35140
4/27/2017 00:00,754646,,345245
4/28/2017 00:00,810855,,324563
4/29/2017 00:00,848244,,400562
4/30/2017 00:00,853022,,742097
5/1/2017 00:00,838185,,36043
5/2/2017 00:00,788655,,47120
5/3/2017 00:00,769058,,54905
5/4/2017 00:00,782872,,95136
5/5/2017 00:00,886899,,92280
5/6/2017 00:00,972876,,67008
5/7/2017 00:00,952500,,104528
5/8/2017 00:00,941005,,144667
5/9/2017 00:00,916746,,99141
5/10/2017 00:00,868699,,112878
5/11/2017 00:00,858389,,136396
5/12/2017 00:00,917185,,125942
5/13/2017 00:00,979135,,177946
5/14/2017 00:00,917636,,163050
5/15/2017 00:00,843240,,116050
5/16/2017 00:00,869592,,89185
5/17/2017 00:00,847504,,96400
5/18/2017 00:00,838472,,116523
5/19/2017 00:00,891027,,128714
5/20/2017 00:00,933878,,129208
5/21/2017 00:00,911123,,218030
5/22/2017 00:00,838678,,44424
5/23/2017 00:00,840390,,51260
5/24/2017 00:00,805905,,58334
5/25/2017 00:00,797062,,124650
5/26/2017 00:00,818968,,124630
5/27/2017 00:00,923635,,150962
5/28/2017 00:00,873294,,215184
5/29/2017 00:00,873918,,64614
5/30/2017 00:00,847800,,74473
5/31/2017 00:00,832495,,55582
6/1/2017 00:00,819490,,43781
6/2/2017 00:00,867666,,39541
6/3/2017 00:00,928430,,60507
6/4/2017 00:00,883822,,189289
6/5/2017 00:00,830751,,219827
6/6/2017 00:00,809983,,229996
6/7/2017 00:00,797249,,224381
6/8/2017 00:00,814489,,99664
6/9/2017 00:00,823567,,252273
6/10/2017 00:00,883729,,206494
6/11/2017 00:00,855823,,341000
6/12/2017 00:00,822562,,45409
6/13/2017 00:00,791495,,65009
6/14/2017 00:00,785651,,110956
6/15/2017 00:00,872641,,144624
6/16/2017 00:00,834131,,116248
6/17/2017 00:00,906754,,131547
6/18/2017 00:00,855060,,188014
6/19/2017 00:00,802120,,151020
6/20/2017 00:00,784766,,64293
6/21/2017 00:00,780268,,64287
6/22/2017 00:00,784437,,134503
6/23/2017 00:00,826125,,72565
6/24/2017 00:00,863411,,103786
6/25/2017 00:00,832429,,74418
6/26/2017 00:00,770095,,200402
6/27/2017 00:00,740686,,206336
6/28/2017 00:00,756732,,244235
6/29/2017 00:00,763219,,192685
6/30/2017 00:00,791816,,121495
7/1/2017 00:00,841974,,51844
7/2/2017 00:00,816698,,46303
7/3/2017 00:00,759540,,45684
7/4/2017 00:00,760692,,45949
7/5/2017 00:00,745407,,65436
7/6/2017 00:00,667224,,70900
7/7/2017 00:00,665592,,76335
7/8/2017 00:00,820135,,113014
7/9/2017 00:00,779676,,90456
7/10/2017 00:00,760038,,55995
7/11/2017 00:00,712701,,48328
7/12/2017 00:00,702882,,72741
7/13/2017 00:00,712311,,56244
7/14/2017 00:00,746156,,44917
7/15/2017 00:00,815283,,62435
7/16/2017 00:00,771664,,46472
7/17/2017 00:00,725785,,45153
7/18/2017 00:00,719330,,50270
7/19/2017 00:00,706971,,39329
7/20/2017 00:00,714711,,65343
7/21/2017 00:00,745225,,68962
7/22/2017 00:00,784920,,107160
7/23/2017 00:00,757880,,93513
7/24/2017 00:00,717978,,49021
7/25/2017 00:00,712943,,58330
7/26/2017 00:00,696908,,51841
7/27/2017 00:00,723427,,55313
7/28/2017 00:00,744006,,46642
7/29/2017 00:00,780246,,58769
7/30/2017 00:00,759097,,50174
7/31/2017 00:00,706517,,49600
8/1/2017 00:00,712943,,47738
8/2/2017 00:00,717029,,510842
8/3/2017 00:00,738377,,424698
8/4/2017 00:00,782808,,387231
8/5/2017 00:00,826943,,367181
8/6/2017 00:00,803444,,40387
8/7/2017 00:00,760616,,580076
8/8/2017 00:00,762209,,568611
8/9/2017 00:00,764643,,508205
8/10/2017 00:00,778124,,572601
8/11/2017 00:00,820461,,505454
8/12/2017 00:00,877952,,781980
8/13/2017 00:00,858468,,711367
8/14/2017 00:00,801058,,44300
8/15/2017 00:00,801132,,37806
8/16/2017 00:00,779914,,50590
8/17/2017 00:00,777417,,50407
8/18/2017 00:00,816788,,44508
8/19/2017 00:00,857010,,47996
8/20/2017 00:00,868759,,55827
8/21/2017 00:00,781646,,51384
8/22/2017 00:00,780991,,56463
8/23/2017 00:00,792795,,42901
8/24/2017 00:00,798270,,49669
8/25/2017 00:00,816440,,51746
8/26/2017 00:00,842919,,77909
8/27/2017 00:00,838519,,52765
8/28/2017 00:00,758740,,49675
8/29/2017 00:00,763792,,55539
8/30/2017 00:00,744960,,46311
8/31/2017 00:00,774046,,45493
9/1/2017 00:00,775954,,56932
9/2/2017 00:00,838489,,39499
9/3/2017 00:00,814693,,61812
9/4/2017 00:00,726102,,64288
9/5/2017 00:00,722703,,62348
9/6/2017 00:00,721583,,81886
9/7/2017 00:00,731744,,59381
9/8/2017 00:00,772862,,52360
9/9/2017 00:00,814062,,70510
9/10/2017 00:00,774100,,62451
9/11/2017 00:00,696354,,94705
9/12/2017 00:00,697777,,98810
9/13/2017 00:00,684224,,113841
9/14/2017 00:00,693773,,63187
9/15/2017 00:00,766687,,64485
9/16/2017 00:00,783228,,106006
9/17/2017 00:00,748347,,132386
9/18/2017 00:00,657887,,145250
9/19/2017 00:00,656007,,103732
9/20/2017 00:00,684958,,131754
9/21/2017 00:00,733406,,91436
9/22/2017 00:00,726513,,139176
9/23/2017 00:00,767921,,203356
9/24/2017 00:00,742660,,143283
9/25/2017 00:00,645377,,117074
9/26/2017 00:00,640552,,117760
9/27/2017 00:00,644287,,116696
9/28/2017 00:00,658696,,111602
9/29/2017 00:00,705559,,119281
9/30/2017 00:00,754453,,128295
10/1/2017 00:00,717184,,77923
10/2/2017 00:00,669792,,53518
10/3/2017 00:00,663316,,110168
10/4/2017 00:00,638188,,80452
10/5/2017 00:00,652620,,116222
10/6/2017 00:00,694296,,110883
10/7/2017 00:00,742165,,69912
10/8/2017 00:00,716458,,69803
10/9/2017 00:00,639707,,94264
10/10/2017 00:00,625464,,39612
10/11/2017 00:00,622666,,52896
10/12/2017 00:00,816110,,109844
10/13/2017 00:00,778608,,214221
10/14/2017 00:00,751216,,172805
10/15/2017 00:00,729715,,200963
10/16/2017 00:00,629981,,49949
10/17/2017 00:00,630984,,35838
10/18/2017 00:00,612579,,44227
10/19/2017 00:00,619587,,92575
10/20/2017 00:00,837599,,178076
10/21/2017 00:00,744024,,142512
10/22/2017 00:00,709881,,149872
10/23/2017 00:00,629061,,52877
10/24/2017 00:00,632817,,49854
10/25/2017 00:00,620282,,47149
10/26/2017 00:00,635460,,175420
10/27/2017 00:00,665748,,227493
10/28/2017 00:00,741867,,189661
10/29/2017 00:00,738394,,282934
10/30/2017 00:00,720932,,124045
10/31/2017 00:00,693089,,88064
11/1/2017 00:00,788741,,77285
11/2/2017 00:00,760272,,132434
11/3/2017 00:00,764641,,159662
11/4/2017 00:00,807834,,174238
11/5/2017 00:00,779509,,196066
11/6/2017 00:00,741044,,120797
11/7/2017 00:00,679878,,112662
11/8/2017 00:00,649690,,142167
11/9/2017 00:00,677750,,169313
11/10/2017 00:00,727364,,148724
11/11/2017 00:00,786940,,113094
11/12/2017 00:00,758069,,181804
11/13/2017 00:00,690572,,134560
11/14/2017 00:00,634089,,226845
11/15/2017 00:00,619877,,182013
11/16/2017 00:00,640608,,180159
11/17/2017 00:00,719090,,78581
11/18/2017 00:00,752560,,147016
11/19/2017 00:00,725103,,133504
11/20/2017 00:00,659041,,125464
11/21/2017 00:00,661700,,151884
11/22/2017 00:00,612966,,223791
11/23/2017 00:00,710240,,112653
11/24/2017 00:00,747663,,112032
11/25/2017 00:00,864584,,101949
11/26/2017 00:00,813528,,155037
11/27/2017 00:00,673581,,66406
11/28/2017 00:00,690391,,106401
11/29/2017 00:00,666134,,82303
11/30/2017 00:00,683324,,64660
12/1/2017 00:00,699223,,205121
12/2/2017 00:00,802526,,227772
12/3/2017 00:00,773657,,293278
12/4/2017 00:00,707020,,70870
12/5/2017 00:00,719675,,60904
12/6/2017 00:00,646820,,51844
12/7/2017 00:00,646457,,57022
12/8/2017 00:00,700175,,110234
12/9/2017 00:00,790683,,121776
12/10/2017 00:00,723585,,145899
12/11/2017 00:00,648467,,65876
12/12/2017 00:00,658943,,77570
12/13/2017 00:00,618393,,109668
12/14/2017 00:00,621950,,121087
12/15/2017 00:00,796810,,99211
12/16/2017 00:00,864939,,115982
12/17/2017 00:00,852159,,135636
12/18/2017 00:00,796896,,116100
12/19/2017 00:00,802183,,60664
12/20/2017 00:00,676223,,92716
12/21/2017 00:00,670751,,89593
12/22/2017 00:00,685073,,123155
12/23/2017 00:00,730239,,62228
12/24/2017 00:00,714067,,45988
12/25/2017 00:00,725389,,48123
12/26/2017 00:00,804158,,45837
12/27/2017 00:00,829471,,47843
12/28/2017 00:00,701863,,39607
12/29/2017 00:00,704433,,47434
12/30/2017 00:00,730266,,47177
12/31/2017 00:00,648744,,41940
1/1/2018 00:00,679635,,45355
1/2/2018 00:00,707766,,48657
1/3/2018 00:00,697706,,51738
1/4/2018 00:00,706176,,133569
1/5/2018 00:00,734940,,150367
1/6/2018 00:00,780059,,134694
1/7/2018 00:00,775539,,181512
1/8/2018 00:00,765307,,129984
1/9/2018 00:00,759245,,60335
1/10/2018 00:00,608220,,83287
1/11/2018 00:00,641474,,90349
1/12/2018 00:00,671365,,76224
1/13/2018 00:00,739483,,78606
1/14/2018 00:00,738549,,104723
1/15/2018 00:00,682159,,67817
1/16/2018 00:00,716260,,63929
1/17/2018 00:00,587276,,73969
1/18/2018 00:00,616503,,59554
1/19/2018 00:00,661394,,66056
1/20/2018 00:00,739866,,109581
1/21/2018 00:00,724554,,151536
1/22/2018 00:00,671956,,54386
1/23/2018 00:00,670405,,109497
1/24/2018 00:00,616414,,107947
1/25/2018 00:00,650583,,129072
1/26/2018 00:00,686006,,128816
1/27/2018 00:00,764256,,132319
1/28/2018 00:00,715618,,177749
1/29/2018 00:00,649703,,45289
1/30/2018 00:00,634039,,56574
1/31/2018 00:00,635923,,56836
2/1/2018 00:00,632093,,85069
2/2/2018 00:00,702049,,118498
2/3/2018 00:00,782579,,130143
2/4/2018 00:00,723465,,162145
2/5/2018 00:00,643777,,65170
2/6/2018 00:00,653302,,86820
2/7/2018 00:00,610232,,62144
2/8/2018 00:00,612055,,117161
2/9/2018 00:00,645320,,103839
2/10/2018 00:00,686371,,133280
2/11/2018 00:00,677416,,92467
2/12/2018 00:00,604460,,177042
2/13/2018 00:00,594668,,102393
2/14/2018 00:00,556587,,88079
2/15/2018 00:00,596452,,83155
2/16/2018 00:00,604853,,77731
2/17/2018 00:00,640124,,83480
2/18/2018 00:00,636921,,56107
2/19/2018 00:00,572608,,59767
2/20/2018 00:00,577711,,170305
2/21/2018 00:00,575739,,137273
2/22/2018 00:00,599689,,179876
2/23/2018 00:00,630666,,159938
2/24/2018 00:00,684577,,223560
2/25/2018 00:00,664000,,292339
2/26/2018 00:00,600983,,71739
2/27/2018 00:00,604004,,61159
2/28/2018 00:00,589949,,56931
3/1/2018 00:00,601283,,60923
3/2/2018 00:00,647604,,60139
3/3/2018 00:00,780113,,52463
3/4/2018 00:00,675024,,206841
3/5/2018 00:00,581450,,218370
3/6/2018 00:00,597098,,168816
3/7/2018 00:00,601473,,239413
3/8/2018 00:00,618572,,62145
3/9/2018 00:00,664760,,275534
3/10/2018 00:00,703841,,360332
3/11/2018 00:00,658069,,394257
3/12/2018 00:00,573511,,74277
3/13/2018 00:00,626122,,45364
3/14/2018 00:00,608757,,69600
3/15/2018 00:00,609285,,85701
3/16/2018 00:00,673603,,86000
3/17/2018 00:00,766493,,178800
3/18/2018 00:00,730821,,131771
3/19/2018 00:00,624649,,54663
3/20/2018 00:00,588361,,73696
3/21/2018 00:00,610111,,166351
3/22/2018 00:00,605007,,156992
3/23/2018 00:00,652831,,143008
3/24/2018 00:00,730665,,174028
3/25/2018 00:00,714845,,164924
3/26/2018 00:00,620067,,66488
3/27/2018 00:00,617144,,74466
3/28/2018 00:00,623540,,50779
3/29/2018 00:00,653680,,145727
3/30/2018 00:00,667909,,168921
3/31/2018 00:00,716912,,167181
4/1/2018 00:00,683745,,221943
4/2/2018 00:00,631933,,51663
4/3/2018 00:00,614594,,164468
4/4/2018 00:00,650948,,193164
4/5/2018 00:00,646034,,178043
4/6/2018 00:00,682642,,257290
4/7/2018 00:00,733580,,266263
4/8/2018 00:00,700501,,46178
4/9/2018 00:00,643437,,50175
4/10/2018 00:00,633481,,49791
4/11/2018 00:00,616710,,51522
4/12/2018 00:00,629749,,101495
4/13/2018 00:00,658821,,143613
4/14/2018 00:00,719957,,174565
4/15/2018 00:00,684185,,131946
4/16/2018 00:00,624873,,72954
4/17/2018 00:00,626549,,56868
4/18/2018 00:00,616732,,72713
4/19/2018 00:00,621653,,70949
4/20/2018 00:00,658317,,64858
4/21/2018 00:00,721058,,88446
4/22/2018 00:00,699732,,119242
4/23/2018 00:00,626308,,63947
4/24/2018 00:00,625567,,68580
4/25/2018 00:00,608569,,61407
4/26/2018 00:00,614264,,50545
4/27/2018 00:00,638021,,172656
4/28/2018 00:00,671635,,222651
4/29/2018 00:00,665584,,252145
4/30/2018 00:00,672306,,310160
5/1/2018 00:00,673089,,323253
5/2/2018 00:00,641728,,256712
5/3/2018 00:00,632178,,42059
5/4/2018 00:00,684080,,294292
5/5/2018 00:00,722102,,334069
5/6/2018 00:00,714768,,372562
5/7/2018 00:00,656976,,50557
5/8/2018 00:00,681052,,75933
5/9/2018 00:00,766124,,75303
5/10/2018 00:00,763122,,91160
5/11/2018 00:00,787753,,79247
5/12/2018 00:00,850371,,93366
5/13/2018 00:00,831583,,56731
5/14/2018 00:00,732975,,105838
5/15/2018 00:00,731898,,93166
5/16/2018 00:00,733331,,104552
5/17/2018 00:00,739475,,43965
5/18/2018 00:00,741090,,129846
5/19/2018 00:00,826910,,128660
5/20/2018 00:00,788473,,167380
5/21/2018 00:00,735506,,64523
5/22/2018 00:00,718829,,56734
5/23/2018 00:00,712164,,142708
5/24/2018 00:00,708239,,111753
5/25/2018 00:00,728096,,118891
5/26/2018 00:00,793048,,166089
5/27/2018 00:00,769700,,258075
5/28/2018 00:00,740924,,51968
5/29/2018 00:00,719200,,54755
5/30/2018 00:00,706263,,52813
5/31/2018 00:00,716262,,53614
6/1/2018 00:00,738643,,50932
6/2/2018 00:00,783354,,199654
6/3/2018 00:00,765986,,138185
6/4/2018 00:00,693319,,192580
6/5/2018 00:00,696025,,209314
6/6/2018 00:00,675772,,157274
6/7/2018 00:00,732203,,187184
6/8/2018 00:00,785040,,57340
6/9/2018 00:00,775795,,229412
6/10/2018 00:00,797767,,356724
6/11/2018 00:00,753523,,48286
6/12/2018 00:00,750215,,53257
6/13/2018 00:00,695581,,48532
6/14/2018 00:00,690667,,156327
6/15/2018 00:00,796694,,154912
6/16/2018 00:00,713520,,138826
6/17/2018 00:00,738369,,118945
6/18/2018 00:00,674839,,148284
6/19/2018 00:00,658109,,115403
6/20/2018 00:00,653552,,187938
6/21/2018 00:00,656156,,201280
6/22/2018 00:00,684259,,135481
6/23/2018 00:00,737928,,131814
6/24/2018 00:00,720726,,156053
6/25/2018 00:00,645894,,184091
6/26/2018 00:00,644721,,87280
6/27/2018 00:00,646900,,44480
6/28/2018 00:00,675706,,42653
6/29/2018 00:00,700899,,53871
6/30/2018 00:00,698215,,58497
7/1/2018 00:00,706227,,54406
7/2/2018 00:00,641938,,64481
7/3/2018 00:00,645397,,71262
7/4/2018 00:00,652133,,79806
7/5/2018 00:00,649650,,61361
7/6/2018 00:00,641501,,74883
7/7/2018 00:00,689835,,59894
7/8/2018 00:00,704947,,68800
7/9/2018 00:00,641629,,74542
7/10/2018 00:00,642048,,72090
7/11/2018 00:00,640753,,57414
7/12/2018 00:00,629668,,51944
7/13/2018 00:00,653417,,44339
7/14/2018 00:00,664150,,87746
7/15/2018 00:00,669554,,57614
7/16/2018 00:00,630702,,56866
7/17/2018 00:00,638207,,54202
7/18/2018 00:00,641427,,59586
7/19/2018 00:00,633501,,49272
7/20/2018 00:00,661950,,49891
7/21/2018 00:00,706228,,53236
7/22/2018 00:00,691282,,61494
7/23/2018 00:00,638826,,56412
7/24/2018 00:00,640014,,53319
7/25/2018 00:00,631484,,98312
7/26/2018 00:00,634774,,104167
7/27/2018 00:00,659829,,106215
7/28/2018 00:00,703913,,115105
7/29/2018 00:00,694674,,151365
7/30/2018 00:00,650729,,61609
7/31/2018 00:00,642747,,52826
8/1/2018 00:00,658922,,56017
8/2/2018 00:00,651499,,55650
8/3/2018 00:00,694766,,53639
8/4/2018 00:00,720867,,64913
8/5/2018 00:00,708076,,139549
8/6/2018 00:00,664267,,68622
8/7/2018 00:00,662379,,64470
8/8/2018 00:00,651816,,56309
8/9/2018 00:00,649636,,55265
8/10/2018 00:00,644892,,43015
8/11/2018 00:00,672937,,51068
8/12/2018 00:00,689527,,55905
8/13/2018 00:00,633591,,62734
8/14/2018 00:00,633665,,64898
8/15/2018 00:00,638170,,539368
8/16/2018 00:00,649906,,513169
8/17/2018 00:00,674974,,426043
8/18/2018 00:00,749803,,442019
8/19/2018 00:00,772173,,238240
8/20/2018 00:00,721568,,669730
8/21/2018 00:00,731151,,526329
8/22/2018 00:00,718306,,533330
8/23/2018 00:00,714113,,677464
8/24/2018 00:00,746687,,586585
8/25/2018 00:00,830388,,784769
8/26/2018 00:00,799926,,712412
8/27/2018 00:00,735872,,47137
8/28/2018 00:00,730268,,46344
8/29/2018 00:00,718474,,48486
8/30/2018 00:00,709167,,46724
8/31/2018 00:00,740862,,36182
9/1/2018 00:00,779625,,53074
9/2/2018 00:00,763150,,58766
9/3/2018 00:00,678076,,76906
9/4/2018 00:00,680541,,54285
9/5/2018 00:00,653217,,46889
9/6/2018 00:00,654170,,49287
9/7/2018 00:00,706645,,39596
9/8/2018 00:00,720464,,43617
9/9/2018 00:00,750234,,47971
9/10/2018 00:00,678176,,109318
9/11/2018 00:00,680447,,98914
9/12/2018 00:00,672478,,58513
9/13/2018 00:00,718562,,80226
9/14/2018 00:00,745817,,108902
9/15/2018 00:00,817924,,58911
9/16/2018 00:00,827979,,161992
9/17/2018 00:00,743726,,106911
9/18/2018 00:00,647823,,161939
9/19/2018 00:00,650922,,109494
9/20/2018 00:00,657436,,108964
9/21/2018 00:00,707083,,79714
9/22/2018 00:00,742887,,65912
9/23/2018 00:00,748795,,65672
9/24/2018 00:00,663971,,105322
9/25/2018 00:00,640752,,136531
9/26/2018 00:00,632116,,144897
9/27/2018 00:00,645311,,63975
9/28/2018 00:00,663510,,82684
9/29/2018 00:00,724490,,85601
9/30/2018 00:00,726283,,96383
10/1/2018 00:00,648336,,79651
10/2/2018 00:00,637213,,74334
10/3/2018 00:00,634373,,63464
10/4/2018 00:00,638210,,72741
10/5/2018 00:00,670632,,66546
10/6/2018 00:00,729328,,74967
10/7/2018 00:00,692554,,111561
10/8/2018 00:00,631576,,66316
10/9/2018 00:00,631062,,94356
10/10/2018 00:00,623080,,129693
10/11/2018 00:00,628114,,106492
10/12/2018 00:00,685063,,218856
10/13/2018 00:00,742992,,134499
10/14/2018 00:00,707837,,147629
10/15/2018 00:00,635567,,97852
10/16/2018 00:00,624736,,81565
10/17/2018 00:00,626512,,77647
10/18/2018 00:00,620751,,73548
10/19/2018 00:00,671770,,62317
10/20/2018 00:00,737697,,73953
10/21/2018 00:00,724945,,64490
10/22/2018 00:00,631863,,58494
10/23/2018 00:00,620438,,134574
10/24/2018 00:00,618063,,144185
10/25/2018 00:00,629209,,180153
10/26/2018 00:00,674941,,149502
10/27/2018 00:00,733166,,173232
10/28/2018 00:00,713633,,180014
10/29/2018 00:00,636624,,110171
10/30/2018 00:00,640316,,151056
10/31/2018 00:00,633942,,96683
11/1/2018 00:00,636725,,126595
11/2/2018 00:00,684285,,130179
11/3/2018 00:00,733020,,116530
11/4/2018 00:00,712997,,204969
11/5/2018 00:00,660415,,71149
11/6/2018 00:00,631000,,66767
11/7/2018 00:00,630242,,63567
11/8/2018 00:00,638852,,54564
11/9/2018 00:00,751285,,119062
11/10/2018 00:00,829011,,156797
11/11/2018 00:00,765136,,143491
11/12/2018 00:00,666748,,177532
11/13/2018 00:00,658543,,201076
11/14/2018 00:00,633295,,144994
11/15/2018 00:00,626075,,74970
11/16/2018 00:00,675501,,183338
11/17/2018 00:00,735248,,334995
11/18/2018 00:00,731799,,446464
11/19/2018 00:00,643363,,154480
11/20/2018 00:00,774815,,111742
11/21/2018 00:00,712973,,125800
11/22/2018 00:00,753533,,133554
11/23/2018 00:00,701608,,82933
11/24/2018 00:00,800975,,138053
11/25/2018 00:00,765644,,146821
11/26/2018 00:00,684496,,132069
11/27/2018 00:00,653681,,148979
11/28/2018 00:00,643599,,166015
11/29/2018 00:00,648271,,153499
11/30/2018 00:00,690311,,141141
12/1/2018 00:00,768159,,81328
12/2/2018 00:00,745843,,96399
12/3/2018 00:00,641604,,116183
12/4/2018 00:00,644531,,115390
12/5/2018 00:00,626152,,95586
12/6/2018 00:00,628314,,64939
12/7/2018 00:00,667332,,177172
12/8/2018 00:00,715125,,185753
12/9/2018 00:00,689371,,252639
12/10/2018 00:00,600095,,89378
12/11/2018 00:00,593574,,73114
12/12/2018 00:00,587364,,69920
12/13/2018 00:00,587805,,71567
12/14/2018 00:00,639379,,87059
12/15/2018 00:00,700240,,91958
12/16/2018 00:00,675118,,86618
12/17/2018 00:00,602344,,78136
12/18/2018 00:00,594422,,59614
12/19/2018 00:00,587112,,79716
12/20/2018 00:00,705143,,88206
12/21/2018 00:00,686395,,68907
12/22/2018 00:00,732928,,84407
12/23/2018 00:00,730859,,59874
12/24/2018 00:00,633898,,60103
12/25/2018 00:00,637127,,55897
12/26/2018 00:00,641391,,59558
12/27/2018 00:00,638887,,81707
12/28/2018 00:00,640227,,62654
12/29/2018 00:00,676970,,92171
12/30/2018 00:00,685819,,75598
12/31/2018 00:00,584785,,48784
1/1/2019 00:00,630381,,46733
1/2/2019 00:00,653543,,74305
1/3/2019 00:00,645297,,81650
1/4/2019 00:00,679515,,101293
1/5/2019 00:00,731384,,98386
1/6/2019 00:00,698277,,54322
1/7/2019 00:00,669920,,60254
1/8/2019 00:00,654147,,57758
1/9/2019 00:00,631040,,102430
1/10/2019 00:00,633023,,102804
1/11/2019 00:00,695608,,97065
1/12/2019 00:00,779866,,160935
1/13/2019 00:00,762186,,193642
1/14/2019 00:00,714087,,74031
1/15/2019 00:00,677102,,142359
1/16/2019 00:00,675936,,65097
1/17/2019 00:00,688226,,57904
1/18/2019 00:00,726421,,105145
1/19/2019 00:00,804664,,147401
1/20/2019 00:00,796605,,170681
1/21/2019 00:00,724212,,208814
1/22/2019 00:00,730332,,232850
1/23/2019 00:00,735642,,184835
1/24/2019 00:00,735486,,86692
1/25/2019 00:00,734448,,292532
1/26/2019 00:00,840712,,259357
1/27/2019 00:00,839729,,445353
1/28/2019 00:00,766446,,85907
1/29/2019 00:00,762357,,106444
1/30/2019 00:00,881256,,97985
1/31/2019 00:00,829519,,102417
2/1/2019 00:00,830562,,124747
2/2/2019 00:00,905794,,137099
2/3/2019 00:00,913496,,182753
2/4/2019 00:00,810070,,176333
2/5/2019 00:00,809825,,208024
2/6/2019 00:00,796298,,150193
2/7/2019 00:00,807572,,96310
2/8/2019 00:00,836728,,80872
2/9/2019 00:00,911025,,95714
2/10/2019 00:00,930430,,111586
2/11/2019 00:00,859462,,114447
2/12/2019 00:00,853919,,130603
2/13/2019 00:00,851888,,118878
2/14/2019 00:00,797211,,119421
2/15/2019 00:00,880281,,103122
2/16/2019 00:00,949294,,108446
2/17/2019 00:00,956229,,78341
2/18/2019 00:00,867809,,86062
2/19/2019 00:00,862613,,150744
2/20/2019 00:00,846470,,160456
2/21/2019 00:00,854303,,145621
2/22/2019 00:00,882742,,165382
2/23/2019 00:00,969099,,229839
2/24/2019 00:00,983435,,277634
2/25/2019 00:00,907124,,90878
2/26/2019 00:00,917479,,113361
2/27/2019 00:00,873952,,119192
2/28/2019 00:00,812740,,100831
3/1/2019 00:00,895799,,97241
3/2/2019 00:00,1000447,,118188
3/3/2019 00:00,1007840,,96992
3/4/2019 00:00,926692,,85678
3/5/2019 00:00,894932,,102095
3/6/2019 00:00,967011,,100946
3/7/2019 00:00,939457,,134539
3/8/2019 00:00,969484,,126439
3/9/2019 00:00,1045353,,154619
3/10/2019 00:00,1028866,,153699
3/11/2019 00:00,942503,,100178
3/12/2019 00:00,923610,,99437
3/13/2019 00:00,923760,,138120
3/14/2019 00:00,901416,,206594
3/15/2019 00:00,945718,,214824
3/16/2019 00:00,1025678,,183162
3/17/2019 00:00,1004180,,224832
3/18/2019 00:00,913647,,173072
3/19/2019 00:00,916534,,238803
3/20/2019 00:00,912918,,273030
3/21/2019 00:00,920142,,52717
3/22/2019 00:00,934521,,187868
3/23/2019 00:00,1014569,,306584
3/24/2019 00:00,1009405,,362250
3/25/2019 00:00,936503,,52800
3/26/2019 00:00,921362,,59462
3/27/2019 00:00,921260,,65672
3/28/2019 00:00,896612,,137947
3/29/2019 00:00,915183,,157229
3/30/2019 00:00,1008098,,156020
3/31/2019 00:00,1001512,,91804
4/1/2019 00:00,917982,,80897
4/2/2019 00:00,889058,,56430
4/3/2019 00:00,921478,,96869
4/4/2019 00:00,914394,,88087
4/5/2019 00:00,913854,,83482
4/6/2019 00:00,939918,,83416
4/7/2019 00:00,909135,,73682
4/8/2019 00:00,887825,,87445
4/9/2019 00:00,881145,,76906
4/10/2019 00:00,872107,,96222
4/11/2019 00:00,882437,,72024
4/12/2019 00:00,923065,,80393
4/13/2019 00:00,970128,,139269
4/14/2019 00:00,973544,,101668
4/15/2019 00:00,870901,,60328
4/16/2019 00:00,855360,,81810
4/17/2019 00:00,819524,,85756
4/18/2019 00:00,807477,,78962
4/19/2019 00:00,872612,,99671
4/20/2019 00:00,888837,,128886
4/21/2019 00:00,887397,,106483
4/22/2019 00:00,826748,,110448
4/23/2019 00:00,811503,,103980
4/24/2019 00:00,770558,,88835
4/25/2019 00:00,775576,,82208
4/26/2019 00:00,814209,,93444
4/27/2019 00:00,855899,,101012
4/28/2019 00:00,847379,,150403
4/29/2019 00:00,788959,,52729
4/30/2019 00:00,804627,,50527
5/1/2019 00:00,862674,,51565
5/2/2019 00:00,830932,,47831
5/3/2019 00:00,856221,,44501
5/4/2019 00:00,865134,,228876
5/5/2019 00:00,873126,,186911
5/6/2019 00:00,813985,,220560
5/7/2019 00:00,807138,,194965
5/8/2019 00:00,955703,,52715
5/9/2019 00:00,939011,,207952
5/10/2019 00:00,936283,,244503
5/11/2019 00:00,980303,,299945
5/12/2019 00:00,998345,,411917
5/13/2019 00:00,895150,,65374
5/14/2019 00:00,911511,,63125
5/15/2019 00:00,892241,,140388
5/16/2019 00:00,874040,,171745
5/17/2019 00:00,893273,,196033
5/18/2019 00:00,937824,,214168
5/19/2019 00:00,945542,,108695
5/20/2019 00:00,830790,,58288
5/21/2019 00:00,847257,,73282
5/22/2019 00:00,841685,,130738
5/23/2019 00:00,803108,,67590
5/24/2019 00:00,836468,,78064
5/25/2019 00:00,967668,,159580
5/26/2019 00:00,968356,,116899
5/27/2019 00:00,885373,,55378
5/28/2019 00:00,835459,,166421
5/29/2019 00:00,843244,,146510
5/30/2019 00:00,849432,,184579
5/31/2019 00:00,838052,,174286
6/1/2019 00:00,907341,,195451
6/2/2019 00:00,892370,,307491
6/3/2019 00:00,847614,,67924
6/4/2019 00:00,844176,,73344
6/5/2019 00:00,827650,,57780
6/6/2019 00:00,849344,,96732
6/7/2019 00:00,840206,,54166
6/8/2019 00:00,834862,,60791
6/9/2019 00:00,787469,,61739
6/10/2019 00:00,709731,,56121
6/11/2019 00:00,835854,,59206
6/12/2019 00:00,832380,,142153
6/13/2019 00:00,809154,,104244
6/14/2019 00:00,816393,,98199
6/15/2019 00:00,866759,,121144
6/16/2019 00:00,866252,,157884
6/17/2019 00:00,803370,,55235
6/18/2019 00:00,773032,,56349
6/19/2019 00:00,765997,,58437
6/20/2019 00:00,774571,,61366
6/21/2019 00:00,752859,,54311
6/22/2019 00:00,760403,,220711
6/23/2019 00:00,771918,,230021
6/24/2019 00:00,696686,,304284
6/25/2019 00:00,707293,,271904
6/26/2019 00:00,714491,,215713
6/27/2019 00:00,748680,,52263
6/28/2019 00:00,757165,,288900
6/29/2019 00:00,798466,,347450
6/30/2019 00:00,755943,,441166
7/1/2019 00:00,751474,,41863
7/2/2019 00:00,748632,,52100
7/3/2019 00:00,747757,,161106
7/4/2019 00:00,729977,,103272
7/5/2019 00:00,753374,,125716
7/6/2019 00:00,779160,,129047
7/7/2019 00:00,750923,,166970
7/8/2019 00:00,733788,,183052
7/9/2019 00:00,707225,,202747
7/10/2019 00:00,703064,,283255
7/11/2019 00:00,700220,,130257
7/12/2019 00:00,723041,,129074
7/13/2019 00:00,745220,,133084
7/14/2019 00:00,767388,,178338
7/15/2019 00:00,709997,,90071
7/16/2019 00:00,690139,,71836
7/17/2019 00:00,686515,,62937
7/18/2019 00:00,677062,,56207
7/19/2019 00:00,698987,,51176
7/20/2019 00:00,746836,,61927
7/21/2019 00:00,740944,,76799
7/22/2019 00:00,687531,,68665
7/23/2019 00:00,686999,,81217
7/24/2019 00:00,678214,,65227
7/25/2019 00:00,681844,,99488
7/26/2019 00:00,692519,,84030
7/27/2019 00:00,722440,,110490
7/28/2019 00:00,720737,,91848
7/29/2019 00:00,674239,,54246
7/30/2019 00:00,675325,,60695
7/31/2019 00:00,673101,,65021
8/1/2019 00:00,668369,,69574
8/2/2019 00:00,695066,,65637
8/3/2019 00:00,730554,,60901
8/4/2019 00:00,721289,,82775
8/5/2019 00:00,659341,,63370
8/6/2019 00:00,692015,,78400
8/7/2019 00:00,673524,,87057
8/8/2019 00:00,672835,,74085
8/9/2019 00:00,711958,,77350
8/10/2019 00:00,743291,,69237
8/11/2019 00:00,737686,,86645
8/12/2019 00:00,686445,,81673
8/13/2019 00:00,716444,,77617
8/14/2019 00:00,758695,,79715
8/15/2019 00:00,671710,,489780
8/16/2019 00:00,718777,,409792
8/17/2019 00:00,761206,,388663
8/18/2019 00:00,774365,,385664
8/19/2019 00:00,704515,,51279
8/20/2019 00:00,707343,,611752
8/21/2019 00:00,700296,,563602
8/22/2019 00:00,682715,,697819
8/23/2019 00:00,723649,,538519
8/24/2019 00:00,822216,,674992
8/25/2019 00:00,840012,,1077725
8/26/2019 00:00,759675,,37260
8/27/2019 00:00,728257,,46146
8/28/2019 00:00,687372,,43144
8/29/2019 00:00,696369,,40610
8/30/2019 00:00,722999,,43733
8/31/2019 00:00,751129,,40161
9/1/2019 00:00,749512,,44549
9/2/2019 00:00,664756,,53418
9/3/2019 00:00,654526,,55699
9/4/2019 00:00,642573,,65327
9/5/2019 00:00,642617,,42752
9/6/2019 00:00,684504,,52597
9/7/2019 00:00,729968,,46094
9/8/2019 00:00,711699,,60257
9/9/2019 00:00,638743,,53792
9/10/2019 00:00,612426,,52048
9/11/2019 00:00,608705,,50484
9/12/2019 00:00,644152,,59787
9/13/2019 00:00,649493,,57223
9/14/2019 00:00,688181,,52560
9/15/2019 00:00,686719,,65224
9/16/2019 00:00,611389,,87997
9/17/2019 00:00,616392,,78811
9/18/2019 00:00,609457,,63800
9/19/2019 00:00,606851,,73846
9/20/2019 00:00,697980,,57810
9/21/2019 00:00,758001,,56049
9/22/2019 00:00,732501,,76433
9/23/2019 00:00,648286,,67479
9/24/2019 00:00,638965,,111290
9/25/2019 00:00,619776,,126311
9/26/2019 00:00,626254,,95438
9/27/2019 00:00,655615,,92083
9/28/2019 00:00,690197,,96076
9/29/2019 00:00,696125,,80010
9/30/2019 00:00,626289,,59493
10/1/2019 00:00,607845,,53474
10/2/2019 00:00,589005,,56084
10/3/2019 00:00,589745,,55906
10/4/2019 00:00,606791,,40031
10/5/2019 00:00,654954,,103738
10/6/2019 00:00,661124,,138787
10/7/2019 00:00,574148,,84559
10/8/2019 00:00,571743,,107298
10/9/2019 00:00,568742,,108343
10/10/2019 00:00,559679,,81535
10/11/2019 00:00,615014,,67698
10/12/2019 00:00,750516,,62467
10/13/2019 00:00,729784,,65617
10/14/2019 00:00,602774,,78384
10/15/2019 00:00,552521,,62937
10/16/2019 00:00,605319,,57082
10/17/2019 00:00,600035,,55739
10/18/2019 00:00,593215,,69810
10/19/2019 00:00,644373,,83168
10/20/2019 00:00,632734,,99498
10/21/2019 00:00,555902,,55709
10/22/2019 00:00,548863,,93871
10/23/2019 00:00,540960,,110307
10/24/2019 00:00,541011,,116227
10/25/2019 00:00,566892,,150896
10/26/2019 00:00,616129,,141653
10/27/2019 00:00,607639,,179173
10/28/2019 00:00,630207,,45507
10/29/2019 00:00,535222,,58805
10/30/2019 00:00,530719,,59346
10/31/2019 00:00,529156,,50094
11/1/2019 00:00,568804,,42699
11/2/2019 00:00,604088,,80841
11/3/2019 00:00,600932,,63486
11/4/2019 00:00,640917,,52498
11/5/2019 00:00,597367,,42004
11/6/2019 00:00,512158,,53092
11/7/2019 00:00,516026,,90253
11/8/2019 00:00,637950,,87314
11/9/2019 00:00,710308,,115412
11/10/2019 00:00,591349,,101476
11/11/2019 00:00,601123,,57360
11/12/2019 00:00,598948,,68049
11/13/2019 00:00,502578,,79809
11/14/2019 00:00,501642,,66924
11/15/2019 00:00,550172,,58000
11/16/2019 00:00,605635,,136120
11/17/2019 00:00,611201,,153875
11/18/2019 00:00,594524,,120692
11/19/2019 00:00,505430,,122010
11/20/2019 00:00,497966,,182369
11/21/2019 00:00,537172,,64299
11/22/2019 00:00,552975,,143982
11/23/2019 00:00,693717,,179772
11/24/2019 00:00,672534,,235904
11/25/2019 00:00,578156,,49792
11/26/2019 00:00,518377,,184430
11/27/2019 00:00,650057,,108939
11/28/2019 00:00,606721,,145031
11/29/2019 00:00,669389,,143771
11/30/2019 00:00,704614,,133145
12/1/2019 00:00,686010,,195595
12/2/2019 00:00,614099,,174103
12/3/2019 00:00,596517,,202673
12/4/2019 00:00,532745,,162680
12/5/2019 00:00,542145,,104981
12/6/2019 00:00,617927,,125751
12/7/2019 00:00,629748,,60555
12/8/2019 00:00,604458,,76921
12/9/2019 00:00,516504,,81425
12/10/2019 00:00,510007,,78928
12/11/2019 00:00,584869,,71547
12/12/2019 00:00,504240,,64245
12/13/2019 00:00,541291,,50884
12/14/2019 00:00,593768,,45834
12/15/2019 00:00,583137,,52879
12/16/2019 00:00,508364,,71086
12/17/2019 00:00,492861,,120395
12/18/2019 00:00,515352,,129727
12/19/2019 00:00,555935,,90154
12/20/2019 00:00,558680,,121302
12/21/2019 00:00,612767,,116278
12/22/2019 00:00,606814,,165791
12/23/2019 00:00,563483,,57887
12/24/2019 00:00,544935,,55014
12/25/2019 00:00,550911,,53594
12/26/2019 00:00,557086,,56425
12/27/2019 00:00,579782,,65683
12/28/2019 00:00,617077,,85075
12/29/2019 00:00,608934,,51213
12/30/2019 00:00,570959,,67174
12/31/2019 00:00,516059,,45161
1/1/2020 00:00,561273,,47635
1/2/2020 00:00,585031,,50269
1/3/2020 00:00,596149,,59951
1/4/2020 00:00,617547,,62152
1/5/2020 00:00,596317,,77694
1/6/2020 00:00,552797,,67200
1/7/2020 00:00,537217,,59797
1/8/2020 00:00,546324,,80016
1/9/2020 00:00,527587,,130061
1/10/2020 00:00,552391,,127544
1/11/2020 00:00,597049,,170716
1/12/2020 00:00,587719,,216291
1/13/2020 00:00,518541,,180852
1/14/2020 00:00,500439,,81440
1/15/2020 00:00,500934,,74899
1/16/2020 00:00,502287,,71159
1/17/2020 00:00,519762,,65883
1/18/2020 00:00,539569,,225101
1/19/2020 00:00,587332,,247765
1/20/2020 00:00,585285,,64790
1/21/2020 00:00,535475,,239632
1/22/2020 00:00,489513,,292324
1/23/2020 00:00,483251,,281199
1/24/2020 00:00,502338,,222390
1/25/2020 00:00,554613,,240264
1/26/2020 00:00,579025,,364605
1/27/2020 00:00,540262,,70531
1/28/2020 00:00,551145,,162997
1/29/2020 00:00,564095,,69301
1/30/2020 00:00,540209,,58877
1/31/2020 00:00,592515,,61079
2/1/2020 00:00,638674,,66509
2/2/2020 00:00,653689,,56595
2/3/2020 00:00,574857,,60006
2/4/2020 00:00,578852,,87726
2/5/2020 00:00,585533,,57556
2/6/2020 00:00,582255,,60080
2/7/2020 00:00,610003,,99523
2/8/2020 00:00,663715,,101742
2/9/2020 00:00,664196,,182477
2/10/2020 00:00,585403,,184716
2/11/2020 00:00,582378,,189675
2/12/2020 00:00,585640,,168456
2/13/2020 00:00,614675,,107576
2/14/2020 00:00,570431,,150200
2/15/2020 00:00,646882,,83549
2/16/2020 00:00,650965,,73205
2/17/2020 00:00,581002,,70004
2/18/2020 00:00,565914,,69245
2/19/2020 00:00,566163,,154671
2/20/2020 00:00,575811,,133884
2/21/2020 00:00,602249,,167090
2/22/2020 00:00,649090,,192914
2/23/2020 00:00,647060,,239225
2/24/2020 00:00,631059,,66546
2/25/2020 00:00,586412,,75035
2/26/2020 00:00,576194,,92225
2/27/2020 00:00,573766,,89661
2/28/2020 00:00,604857,,76184
2/29/2020 00:00,667430,,122537
3/1/2020 00:00,663908,,92052
3/2/2020 00:00,584655,,103144
3/3/2020 00:00,597940,,83396
3/4/2020 00:00,593276,,97734
3/5/2020 00:00,596857,,116378
3/6/2020 00:00,632413,,117217
3/7/2020 00:00,677939,,123118
3/8/2020 00:00,655952,,147584
3/9/2020 00:00,641137,,79008
3/10/2020 00:00,611316,,121673
3/11/2020 00:00,601064,,142195
3/12/2020 00:00,606492,,113493
3/13/2020 00:00,648459,,137796
3/14/2020 00:00,694829,,65382
3/15/2020 00:00,701632,,86465
3/16/2020 00:00,622267,,82449
3/17/2020 00:00,627256,,91745
3/18/2020 00:00,653657,,83619
3/19/2020 00:00,650319,,73943
3/20/2020 00:00,644468,,131631
3/21/2020 00:00,712955,,126698
3/22/2020 00:00,717882,,120779
3/23/2020 00:00,646119,,152019
3/24/2020 00:00,645431,,123848
3/25/2020 00:00,647103,,144208
3/26/2020 00:00,652833,,165416
3/27/2020 00:00,680104,,104400
3/28/2020 00:00,734306,,102719
3/29/2020 00:00,747551,,153246
3/30/2020 00:00,705206,,102896
3/31/2020 00:00,710105,,102546
4/1/2020 00:00,709816,,104285
4/2/2020 00:00,711948,,103366
4/3/2020 00:00,729223,,100577
4/4/2020 00:00,673158,,172171
4/5/2020 00:00,769179,,169315
4/6/2020 00:00,730472,,170967
4/7/2020 00:00,691941,,139443
4/8/2020 00:00,692299,,159437
4/9/2020 00:00,696306,,158517
4/10/2020 00:00,749534,,157466
4/11/2020 00:00,798255,,192104
4/12/2020 00:00,777024,,210238
4/13/2020 00:00,732905,,185463
4/14/2020 00:00,698225,,202833
4/15/2020 00:00,695232,,155989
4/16/2020 00:00,691873,,186713
4/17/2020 00:00,734479,,227829
4/18/2020 00:00,784907,,268795
4/19/2020 00:00,753197,,385875
4/20/2020 00:00,717931,,108404
4/21/2020 00:00,707802,,94092
4/22/2020 00:00,695872,,96034
4/23/2020 00:00,692433,,111756
4/24/2020 00:00,801645,,119380
4/25/2020 00:00,755625,,126163
4/26/2020 00:00,752551,,162563
4/27/2020 00:00,690764,,151447
4/28/2020 00:00,685828,,164471
4/29/2020 00:00,684201,,169936
4/30/2020 00:00,707171,,180183
5/1/2020 00:00,737658,,151556
5/2/2020 00:00,739214,,142818
5/3/2020 00:00,744965,,152506
5/4/2020 00:00,712027,,132567
5/5/2020 00:00,691091,,133694
5/6/2020 00:00,676544,,145907
5/7/2020 00:00,671957,,120291
5/8/2020 00:00,685757,,158477
5/9/2020 00:00,789960,,146618
5/10/2020 00:00,782042,,151438
5/11/2020 00:00,731514,,187048
5/12/2020 00:00,711090,,184426
5/13/2020 00:00,651973,,124860
5/14/2020 00:00,648391,,112065
5/15/2020 00:00,693471,,167356
5/16/2020 00:00,700616,,148964
5/17/2020 00:00,690710,,158905
5/18/2020 00:00,625526,,130432
5/19/2020 00:00,630180,,146858
5/20/2020 00:00,614605,,134647
5/21/2020 00:00,624875,,126553
5/22/2020 00:00,654562,,147049
5/23/2020 00:00,692365,,137216
5/24/2020 00:00,686945,,112590
5/25/2020 00:00,652796,,199718
5/26/2020 00:00,686696,,144791
5/27/2020 00:00,721228,,174342
5/28/2020 00:00,759632,,142329
5/29/2020 00:00,779421,,143184
5/30/2020 00:00,794638,,147696
5/31/2020 00:00,794178,,170226
6/1/2020 00:00,735851,,102967
6/2/2020 00:00,696520,,131786
6/3/2020 00:00,681471,,154055
6/4/2020 00:00,687106,,138483
6/5/2020 00:00,708913,,148601
6/6/2020 00:00,736441,,131936
6/7/2020 00:00,727736,,152380
6/8/2020 00:00,674850,,74509
6/9/2020 00:00,659012,,123345
6/10/2020 00:00,655469,,125421
6/11/2020 00:00,657308,,110816
6/12/2020 00:00,685764,,134610
6/13/2020 00:00,718603,,149797
6/14/2020 00:00,721435,,83641
6/15/2020 00:00,664641,,93511
6/16/2020 00:00,640505,,139128
6/17/2020 00:00,479097,,110422
6/18/2020 00:00,605299,,118458
6/19/2020 00:00,554858,,105363
6/20/2020 00:00,668124,,87252
6/21/2020 00:00,685855,,126031
6/22/2020 00:00,633679,,126536
6/23/2020 00:00,615515,,129302
6/24/2020 00:00,653341,,132978
6/25/2020 00:00,672542,,170915
6/26/2020 00:00,664018,,135026
6/27/2020 00:00,676893,,124958
6/28/2020 00:00,698473,,205136
6/29/2020 00:00,669000,,78868
6/30/2020 00:00,662506,,61344
7/1/2020 00:00,668477,,65596
7/2/2020 00:00,647076,,68208
7/3/2020 00:00,686704,,95959
7/4/2020 00:00,672179,,70884
7/5/2020 00:00,705378,,122006
7/6/2020 00:00,638577,,62789
7/7/2020 00:00,646385,,66123
7/8/2020 00:00,635018,,61056
7/9/2020 00:00,605030,,63376
7/10/2020 00:00,640155,,68118
7/11/2020 00:00,679953,,79351
7/12/2020 00:00,680365,,66136
7/13/2020 00:00,636671,,65022
7/14/2020 00:00,629047,,69644
7/15/2020 00:00,704063,,82002
7/16/2020 00:00,695258,,96911
7/17/2020 00:00,695081,,70635
7/18/2020 00:00,716054,,70814
7/19/2020 00:00,706023,,79035
7/20/2020 00:00,654247,,63317
7/21/2020 00:00,647338,,79377
7/22/2020 00:00,623812,,75755
7/23/2020 00:00,614801,,74056
7/24/2020 00:00,633026,,65931
7/25/2020 00:00,688351,,61065
7/26/2020 00:00,682534,,65044
7/27/2020 00:00,623099,,142209
7/28/2020 00:00,623304,,148385
7/29/2020 00:00,615047,,149181
7/30/2020 00:00,610996,,193239
7/31/2020 00:00,637146,,63463
8/1/2020 00:00,662354,,58825
8/2/2020 00:00,666563,,68729
8/3/2020 00:00,618754,,83387
8/4/2020 00:00,622789,,71540
8/5/2020 00:00,590477,,83514
8/6/2020 00:00,605052,,74083
8/7/2020 00:00,622979,,70888
8/8/2020 00:00,640933,,68842
8/9/2020 00:00,645332,,71208
8/10/2020 00:00,612761,,74798
8/11/2020 00:00,601707,,66088
8/12/2020 00:00,600930,,69472
8/13/2020 00:00,600049,,73985
8/14/2020 00:00,607983,,122566
8/15/2020 00:00,653121,,121945
8/16/2020 00:00,653151,,168359
8/17/2020 00:00,609067,,80281
8/18/2020 00:00,597723,,82358
8/19/2020 00:00,603543,,81974
8/20/2020 00:00,598546,,169280
8/21/2020 00:00,623477,,138852
8/22/2020 00:00,656593,,119989
8/23/2020 00:00,663082,,171060
8/24/2020 00:00,606495,,87059
8/25/2020 00:00,593628,,84345
8/26/2020 00:00,599272,,77905
8/27/2020 00:00,592966,,172109
8/28/2020 00:00,624937,,158173
8/29/2020 00:00,654784,,163185
8/30/2020 00:00,660181,,131754
8/31/2020 00:00,603454,,114159
9/1/2020 00:00,583655,,96552
9/2/2020 00:00,584314,,183353
9/3/2020 00:00,575142,,188855
9/4/2020 00:00,609949,,158612
9/5/2020 00:00,676484,,217955
9/6/2020 00:00,661610,,269526
9/7/2020 00:00,615343,,58233
9/8/2020 00:00,612108,,62690
9/9/2020 00:00,605731,,57424
9/10/2020 00:00,604704,,60678
9/11/2020 00:00,633810,,52329
9/12/2020 00:00,666157,,65923
9/13/2020 00:00,667484,,62376
9/14/2020 00:00,608219,,80281
9/15/2020 00:00,591365,,76172
9/16/2020 00:00,574364,,71523
9/17/2020 00:00,639781,,80471
9/18/2020 00:00,625726,,74840
9/19/2020 00:00,657514,,66826
9/20/2020 00:00,650913,,86875
9/21/2020 00:00,589166,,88116
9/22/2020 00:00,584267,,92550
9/23/2020 00:00,576464,,130820
9/24/2020 00:00,576418,,144960
9/25/2020 00:00,594360,,172035
9/26/2020 00:00,618758,,159882
9/27/2020 00:00,627074,,73994
9/28/2020 00:00,578161,,72488
9/29/2020 00:00,577517,,66901
9/30/2020 00:00,574589,,70732
10/1/2020 00:00,544521,,51878
10/2/2020 00:00,558992,,49996
10/3/2020 00:00,587182,,54537
10/4/2020 00:00,598689,,55307
10/5/2020 00:00,560064,,90808
10/6/2020 00:00,572025,,100381
10/7/2020 00:00,572346,,134879
10/8/2020 00:00,569424,,69268
10/9/2020 00:00,592576,,83094
