"DateTime","Players","Flags","Twitch Viewers"
"2015-06-04 00:00:00",,
"2015-08-26 00:00:00",1
"2015-08-27 00:00:00",
"2015-08-28 00:00:00",
"2015-08-29 00:00:00",
"2015-08-30 00:00:00",1
"2015-08-31 00:00:00",
"2015-09-01 00:00:00",
"2015-09-02 00:00:00",
"2015-09-03 00:00:00",
"2015-09-04 00:00:00",
"2015-09-05 00:00:00",
"2015-09-06 00:00:00",
"2015-09-07 00:00:00",
"2015-09-08 00:00:00",
"2015-09-09 00:00:00",
"2015-09-10 00:00:00",
"2015-09-11 00:00:00",
"2015-09-12 00:00:00",
"2015-09-13 00:00:00",
"2015-09-14 00:00:00",
"2015-09-15 00:00:00",
"2015-09-16 00:00:00",
"2015-09-17 00:00:00",1
"2015-09-18 00:00:00",1
"2015-09-19 00:00:00",2
"2015-09-20 00:00:00",1
"2015-09-21 00:00:00",1
"2015-09-22 00:00:00",2
"2015-09-23 00:00:00",2
"2015-09-24 00:00:00",1
"2015-09-25 00:00:00",1
"2015-09-26 00:00:00",2
"2015-09-27 00:00:00",1
"2015-09-28 00:00:00",
"2015-09-29 00:00:00",1
"2015-09-30 00:00:00",
"2015-10-01 00:00:00",1
"2015-10-02 00:00:00",1
"2015-10-03 00:00:00",1
"2015-10-04 00:00:00",
"2015-10-05 00:00:00",1
"2015-10-06 00:00:00",1
"2015-10-07 00:00:00",1
"2015-10-08 00:00:00",
"2015-10-09 00:00:00",1
"2015-10-10 00:00:00",
"2015-10-11 00:00:00",1
"2015-10-12 00:00:00",17
"2015-10-13 00:00:00",23
"2015-10-14 00:00:00",16
"2015-10-15 00:00:00",14
"2015-10-16 00:00:00",16
"2015-10-17 00:00:00",5
"2015-10-18 00:00:00",1
"2015-10-19 00:00:00",15
"2015-10-20 00:00:00",17
"2015-10-21 00:00:00",18
"2015-10-22 00:00:00",17,
"2015-10-23 00:00:00",12
"2015-10-24 00:00:00",4
"2015-10-25 00:00:00",2
"2015-10-26 00:00:00",7
"2015-10-27 00:00:00",10
"2015-10-28 00:00:00",8
"2015-10-29 00:00:00",9
"2015-10-30 00:00:00",7
"2015-10-31 00:00:00",1
"2015-11-01 00:00:00",471955
"2015-11-02 00:00:00",8
"2015-11-03 00:00:00",6
"2015-11-04 00:00:00",5
"2015-11-05 00:00:00",5
"2015-11-06 00:00:00",4
"2015-11-07 00:00:00",1
"2015-11-08 00:00:00",1
"2015-11-09 00:00:00",14233
"2015-11-10 00:00:00",445537,
"2015-11-11 00:00:00",471083
"2015-11-12 00:00:00",433897
"2015-11-13 00:00:00",402987
"2015-11-14 00:00:00",460626
"2015-11-15 00:00:00",471315
"2015-11-16 00:00:00",411061
"2015-11-17 00:00:00",313793
"2015-11-18 00:00:00",291730
"2015-11-19 00:00:00",274557
"2015-11-20 00:00:00",276757
"2015-11-21 00:00:00",333954
"2015-11-22 00:00:00",342600
"2015-11-23 00:00:00",289048
"2015-11-24 00:00:00",229228
"2015-11-25 00:00:00",228693
"2015-11-26 00:00:00",223327
"2015-11-27 00:00:00",231118
"2015-11-28 00:00:00",244366
"2015-11-29 00:00:00",253442
"2015-11-30 00:00:00",217753
"2015-12-01 00:00:00",161784
"2015-12-02 00:00:00",155686
"2015-12-03 00:00:00",148549
"2015-12-04 00:00:00",153984
"2015-12-05 00:00:00",194308
"2015-12-06 00:00:00",201352
"2015-12-07 00:00:00",170189
"2015-12-08 00:00:00",132293
"2015-12-09 00:00:00",122451
"2015-12-10 00:00:00",118035
"2015-12-11 00:00:00",122020
"2015-12-12 00:00:00",156099
"2015-12-13 00:00:00",163633
"2015-12-14 00:00:00",139184
"2015-12-15 00:00:00",105473
"2015-12-16 00:00:00",99164
"2015-12-17 00:00:00",97245
"2015-12-18 00:00:00",100078
"2015-12-19 00:00:00",121845
"2015-12-20 00:00:00",128382
"2015-12-21 00:00:00",113563
"2015-12-22 00:00:00",97133
"2015-12-23 00:00:00",93513
"2015-12-24 00:00:00",88561
"2015-12-25 00:00:00",97150
"2015-12-26 00:00:00",113486
"2015-12-27 00:00:00",123134
"2015-12-28 00:00:00",116333
"2015-12-29 00:00:00",107968
"2015-12-30 00:00:00",105608
"2015-12-31 00:00:00",102180
"2016-01-01 00:00:00",119865
"2016-01-02 00:00:00",116489
"2016-01-03 00:00:00",116633
"2016-01-04 00:00:00",104549
"2016-01-05 00:00:00",81772
"2016-01-06 00:00:00",78281
"2016-01-07 00:00:00",76019
"2016-01-08 00:00:00",78510
"2016-01-09 00:00:00",97792
"2016-01-10 00:00:00",101247
"2016-01-11 00:00:00",85103
"2016-01-12 00:00:00",64854
"2016-01-13 00:00:00",61214
"2016-01-14 00:00:00",60334
"2016-01-15 00:00:00",65282
"2016-01-16 00:00:00",82685
"2016-01-17 00:00:00",85510
"2016-01-18 00:00:00",71620
"2016-01-19 00:00:00",59863
"2016-01-20 00:00:00",52618
"2016-01-21 00:00:00",51770
"2016-01-22 00:00:00",58202
"2016-01-23 00:00:00",75303
"2016-01-24 00:00:00",75734
"2016-01-25 00:00:00",62083
"2016-01-26 00:00:00",49216
"2016-01-27 00:00:00",47106
"2016-01-28 00:00:00",45684
"2016-01-29 00:00:00",47925
"2016-01-30 00:00:00",61891
"2016-01-31 00:00:00",65313
"2016-02-01 00:00:00",54863
"2016-02-02 00:00:00",44490
"2016-02-03 00:00:00",42977
"2016-02-04 00:00:00",42644
"2016-02-05 00:00:00",44293
"2016-02-06 00:00:00",57202
"2016-02-07 00:00:00",61863
"2016-02-08 00:00:00",49362
"2016-02-09 00:00:00",40710
"2016-02-10 00:00:00",38751
"2016-02-11 00:00:00",37988
"2016-02-12 00:00:00",41119
"2016-02-13 00:00:00",52548
"2016-02-14 00:00:00",54927
"2016-02-15 00:00:00",46961
"2016-02-16 00:00:00",40531
"2016-02-17 00:00:00",38346
"2016-02-18 00:00:00",37238
"2016-02-19 00:00:00",38302
"2016-02-20 00:00:00",49993
"2016-02-21 00:00:00",54173
"2016-02-22 00:00:00",45791
"2016-02-23 00:00:00",36567
"2016-02-24 00:00:00",36456
"2016-02-25 00:00:00",35319
"2016-02-26 00:00:00",37192
"2016-02-27 00:00:00",47541
"2016-02-28 00:00:00",50701
"2016-02-29 00:00:00",42416
"2016-03-01 00:00:00",33686
"2016-03-02 00:00:00",32777
"2016-03-03 00:00:00",32411
"2016-03-04 00:00:00",34106
"2016-03-05 00:00:00",44064
"2016-03-06 00:00:00",47135
"2016-03-07 00:00:00",39534
"2016-03-08 00:00:00",29233
"2016-03-09 00:00:00",28710
"2016-03-10 00:00:00",27903
"2016-03-11 00:00:00",30043
"2016-03-12 00:00:00",38429
"2016-03-13 00:00:00",42131
"2016-03-14 00:00:00",34615
"2016-03-15 00:00:00",29831
"2016-03-16 00:00:00",29332
"2016-03-17 00:00:00",28790
"2016-03-18 00:00:00",31149
"2016-03-19 00:00:00",39372
"2016-03-20 00:00:00",43805
"2016-03-21 00:00:00",36346
"2016-03-22 00:00:00",53684,
"2016-03-23 00:00:00",49814
"2016-03-24 00:00:00",47582,
"2016-03-25 00:00:00",51761
"2016-03-26 00:00:00",54777
"2016-03-27 00:00:00",57169
"2016-03-28 00:00:00",54497
"2016-03-29 00:00:00",42778
"2016-03-30 00:00:00",41215
"2016-03-31 00:00:00",39620
"2016-04-01 00:00:00",39644
"2016-04-02 00:00:00",49444
"2016-04-03 00:00:00",52723
"2016-04-04 00:00:00",44468
"2016-04-05 00:00:00",34075
"2016-04-06 00:00:00",34085
"2016-04-07 00:00:00",33556
"2016-04-08 00:00:00",35641
"2016-04-09 00:00:00",45338
"2016-04-10 00:00:00",48783
"2016-04-11 00:00:00",41205
"2016-04-12 00:00:00",36814
"2016-04-13 00:00:00",33576
"2016-04-14 00:00:00",32229
"2016-04-15 00:00:00",33265
"2016-04-16 00:00:00",41248
"2016-04-17 00:00:00",44757
"2016-04-18 00:00:00",37236
"2016-04-19 00:00:00",29406
"2016-04-20 00:00:00",28678
"2016-04-21 00:00:00",28051
"2016-04-22 00:00:00",30323
"2016-04-23 00:00:00",38233
"2016-04-24 00:00:00",42411
"2016-04-25 00:00:00",35448
"2016-04-26 00:00:00",28541
"2016-04-27 00:00:00",28078
"2016-04-28 00:00:00",27686
"2016-04-29 00:00:00",29717
"2016-04-30 00:00:00",37342
"2016-05-01 00:00:00",42207
"2016-05-02 00:00:00",35789
"2016-05-03 00:00:00",27308
"2016-05-04 00:00:00",28604
"2016-05-05 00:00:00",28025
"2016-05-06 00:00:00",28289
"2016-05-07 00:00:00",35131
"2016-05-08 00:00:00",37572
"2016-05-09 00:00:00",32059
"2016-05-10 00:00:00",27482
"2016-05-11 00:00:00",27180
"2016-05-12 00:00:00",27353
"2016-05-13 00:00:00",28436
"2016-05-14 00:00:00",36434
"2016-05-15 00:00:00",41029
"2016-05-16 00:00:00",37069
"2016-05-17 00:00:00",30377
"2016-05-18 00:00:00",32078
"2016-05-19 00:00:00",58954,
"2016-05-20 00:00:00",58232
"2016-05-21 00:00:00",69869
"2016-05-22 00:00:00",74234
"2016-05-23 00:00:00",63842
"2016-05-24 00:00:00",47830
"2016-05-25 00:00:00",42986
"2016-05-26 00:00:00",41849
"2016-05-27 00:00:00",41620
"2016-05-28 00:00:00",48227
"2016-05-29 00:00:00",51851
"2016-05-30 00:00:00",49586
"2016-05-31 00:00:00",43260
"2016-06-01 00:00:00",35011
"2016-06-02 00:00:00",34073
"2016-06-03 00:00:00",34191
"2016-06-04 00:00:00",41821
"2016-06-05 00:00:00",45820
"2016-06-06 00:00:00",40211
"2016-06-07 00:00:00",31141
"2016-06-08 00:00:00",30261
"2016-06-09 00:00:00",29498
"2016-06-10 00:00:00",28835
"2016-06-11 00:00:00",36033
"2016-06-12 00:00:00",39506
"2016-06-13 00:00:00",34583
"2016-06-14 00:00:00",30023
"2016-06-15 00:00:00",30283
"2016-06-16 00:00:00",29768
"2016-06-17 00:00:00",30997
"2016-06-18 00:00:00",36513
"2016-06-19 00:00:00",39881
"2016-06-20 00:00:00",33947
"2016-06-21 00:00:00",33965
"2016-06-22 00:00:00",31850
"2016-06-23 00:00:00",29084
"2016-06-24 00:00:00",31702
"2016-06-25 00:00:00",38721
"2016-06-26 00:00:00",44262
"2016-06-27 00:00:00",38373
"2016-06-28 00:00:00",33854
"2016-06-29 00:00:00",32903
"2016-06-30 00:00:00",31409
"2016-07-01 00:00:00",32727
"2016-07-02 00:00:00",36916
"2016-07-03 00:00:00",41260
"2016-07-04 00:00:00",41501
"2016-07-05 00:00:00",36001
"2016-07-06 00:00:00",31324
"2016-07-07 00:00:00",29334
"2016-07-08 00:00:00",30651
"2016-07-09 00:00:00",36167
"2016-07-10 00:00:00",38141
"2016-07-11 00:00:00",33904
"2016-07-12 00:00:00",28543
"2016-07-13 00:00:00",29079
"2016-07-14 00:00:00",28597
"2016-07-15 00:00:00",28585
"2016-07-16 00:00:00",33306
"2016-07-17 00:00:00",37021
"2016-07-18 00:00:00",32627
"2016-07-19 00:00:00",27231
"2016-07-20 00:00:00",26234
"2016-07-21 00:00:00",26109
"2016-07-22 00:00:00",25847
"2016-07-23 00:00:00",30795
"2016-07-24 00:00:00",33952
"2016-07-25 00:00:00",30149,
"2016-07-26 00:00:00",36794
"2016-07-27 00:00:00",34081
"2016-07-28 00:00:00",32224
"2016-07-29 00:00:00",31421
"2016-07-30 00:00:00",36481
"2016-07-31 00:00:00",40286
"2016-08-01 00:00:00",35403
"2016-08-02 00:00:00",30715
"2016-08-03 00:00:00",29991
"2016-08-04 00:00:00",27999
"2016-08-05 00:00:00",29542
"2016-08-06 00:00:00",36433
"2016-08-07 00:00:00",41444
"2016-08-08 00:00:00",36688
"2016-08-09 00:00:00",32259
"2016-08-10 00:00:00",30233
"2016-08-11 00:00:00",30303
"2016-08-12 00:00:00",27748
"2016-08-13 00:00:00",32293
"2016-08-14 00:00:00",36586
"2016-08-15 00:00:00",32171
"2016-08-16 00:00:00",28753
"2016-08-17 00:00:00",28571
"2016-08-18 00:00:00",28118
"2016-08-19 00:00:00",27895
"2016-08-20 00:00:00",33720
"2016-08-21 00:00:00",37291
"2016-08-22 00:00:00",31911
"2016-08-23 00:00:00",26371
"2016-08-24 00:00:00",25756
"2016-08-25 00:00:00",25363
"2016-08-26 00:00:00",25818
"2016-08-27 00:00:00",31680
"2016-08-28 00:00:00",35548
"2016-08-29 00:00:00",31081
"2016-08-30 00:00:00",45984
"2016-08-31 00:00:00",42471
"2016-09-01 00:00:00",38536
"2016-09-02 00:00:00",37866
"2016-09-03 00:00:00",45084
"2016-09-04 00:00:00",49001
"2016-09-05 00:00:00",47873
"2016-09-06 00:00:00",41353
"2016-09-07 00:00:00",31158
"2016-09-08 00:00:00",30996
"2016-09-09 00:00:00",32028
"2016-09-10 00:00:00",41177
"2016-09-11 00:00:00",44016
"2016-09-12 00:00:00",37052
"2016-09-13 00:00:00",28850
"2016-09-14 00:00:00",27638
"2016-09-15 00:00:00",27130
"2016-09-16 00:00:00",28199
"2016-09-17 00:00:00",36161
"2016-09-18 00:00:00",39407
"2016-09-19 00:00:00",33160
"2016-09-20 00:00:00",26401
"2016-09-21 00:00:00",25672
"2016-09-22 00:00:00",25071
"2016-09-23 00:00:00",26613
"2016-09-24 00:00:00",34325
"2016-09-25 00:00:00",37199
"2016-09-26 00:00:00",31387
"2016-09-27 00:00:00",25615
"2016-09-28 00:00:00",25292
"2016-09-29 00:00:00",23429
"2016-09-30 00:00:00",25396
"2016-10-01 00:00:00",33296
"2016-10-02 00:00:00",36139
"2016-10-03 00:00:00",31824
"2016-10-04 00:00:00",24247
"2016-10-05 00:00:00",24269
"2016-10-06 00:00:00",24070
"2016-10-07 00:00:00",25331
"2016-10-08 00:00:00",31508
"2016-10-09 00:00:00",34340
"2016-10-10 00:00:00",28679
"2016-10-11 00:00:00",23646
"2016-10-12 00:00:00",22984
"2016-10-13 00:00:00",22682
"2016-10-14 00:00:00",23672
"2016-10-15 00:00:00",30757
"2016-10-16 00:00:00",34055
"2016-10-17 00:00:00",28966
"2016-10-18 00:00:00",23649
"2016-10-19 00:00:00",24741
"2016-10-20 00:00:00",25688,
"2016-10-21 00:00:00",27497
"2016-10-22 00:00:00",35460
"2016-10-23 00:00:00",40125
"2016-10-24 00:00:00",34226
"2016-10-25 00:00:00",28203
"2016-10-26 00:00:00",27292
"2016-10-27 00:00:00",26939
"2016-10-28 00:00:00",25638
"2016-10-29 00:00:00",31603
"2016-10-30 00:00:00",34547
"2016-10-31 00:00:00",28843
"2016-11-01 00:00:00",25204
"2016-11-02 00:00:00",24563
"2016-11-03 00:00:00",24390
"2016-11-04 00:00:00",25124
"2016-11-05 00:00:00",31187
"2016-11-06 00:00:00",34068
"2016-11-07 00:00:00",27519
"2016-11-08 00:00:00",22503
"2016-11-09 00:00:00",22355
"2016-11-10 00:00:00",22516
"2016-11-11 00:00:00",25959
"2016-11-12 00:00:00",30898
"2016-11-13 00:00:00",33669
"2016-11-14 00:00:00",27663
"2016-11-15 00:00:00",22617
"2016-11-16 00:00:00",22564
"2016-11-17 00:00:00",22136
"2016-11-18 00:00:00",22946
"2016-11-19 00:00:00",29833
"2016-11-20 00:00:00",32458
"2016-11-21 00:00:00",26788
"2016-11-22 00:00:00",23104
"2016-11-23 00:00:00",23938
"2016-11-24 00:00:00",26446
"2016-11-25 00:00:00",30711
"2016-11-26 00:00:00",35718
"2016-11-27 00:00:00",40106
"2016-11-28 00:00:00",33364
"2016-11-29 00:00:00",28254
"2016-11-30 00:00:00",27094
"2016-12-01 00:00:00",26086
"2016-12-02 00:00:00",27628
"2016-12-03 00:00:00",35595
"2016-12-04 00:00:00",37957
"2016-12-05 00:00:00",31502
"2016-12-06 00:00:00",25477
"2016-12-07 00:00:00",24738
"2016-12-08 00:00:00",24641
"2016-12-09 00:00:00",26036
"2016-12-10 00:00:00",32999
"2016-12-11 00:00:00",35285
"2016-12-12 00:00:00",29309
"2016-12-13 00:00:00",23477
"2016-12-14 00:00:00",22634
"2016-12-15 00:00:00",22650
"2016-12-16 00:00:00",23619
"2016-12-17 00:00:00",29954
"2016-12-18 00:00:00",32160
"2016-12-19 00:00:00",27516
"2016-12-20 00:00:00",24133
"2016-12-21 00:00:00",23852
"2016-12-22 00:00:00",24199
"2016-12-23 00:00:00",23728
"2016-12-24 00:00:00",25592
"2016-12-25 00:00:00",29315
"2016-12-26 00:00:00",34678
"2016-12-27 00:00:00",33500
"2016-12-28 00:00:00",33497
"2016-12-29 00:00:00",33989
"2016-12-30 00:00:00",34860
"2016-12-31 00:00:00",33366
"2017-01-01 00:00:00",40203
"2017-01-02 00:00:00",41564
"2017-01-03 00:00:00",37264
"2017-01-04 00:00:00",31785
"2017-01-05 00:00:00",31082
"2017-01-06 00:00:00",29299
"2017-01-07 00:00:00",39850
"2017-01-08 00:00:00",40211
"2017-01-09 00:00:00",27982
"2017-01-10 00:00:00",26707
"2017-01-11 00:00:00",25694
"2017-01-12 00:00:00",25741
"2017-01-13 00:00:00",27964
"2017-01-14 00:00:00",34817
"2017-01-15 00:00:00",37830
"2017-01-16 00:00:00",31505
"2017-01-17 00:00:00",27647
"2017-01-18 00:00:00",25100
"2017-01-19 00:00:00",24522
"2017-01-20 00:00:00",26630
"2017-01-21 00:00:00",34257
"2017-01-22 00:00:00",37097
"2017-01-23 00:00:00",30881
"2017-01-24 00:00:00",24426
"2017-01-25 00:00:00",23512
"2017-01-26 00:00:00",23245
"2017-01-27 00:00:00",25171
"2017-01-28 00:00:00",32755
"2017-01-29 00:00:00",35299
"2017-01-30 00:00:00",29163
"2017-01-31 00:00:00",23915
"2017-02-01 00:00:00",23232
"2017-02-02 00:00:00",23099
"2017-02-03 00:00:00",24370
"2017-02-04 00:00:00",31965
"2017-02-05 00:00:00",34314
"2017-02-06 00:00:00",27380,
"2017-02-07 00:00:00",24358
"2017-02-08 00:00:00",23724
"2017-02-09 00:00:00",24377
"2017-02-10 00:00:00",24589
"2017-02-11 00:00:00",31557
"2017-02-12 00:00:00",34764
"2017-02-13 00:00:00",26171
"2017-02-14 00:00:00",21709
"2017-02-15 00:00:00",22064
"2017-02-16 00:00:00",22028
"2017-02-17 00:00:00",23789
"2017-02-18 00:00:00",29735
"2017-02-19 00:00:00",32228
"2017-02-20 00:00:00",26732
"2017-02-21 00:00:00",23166
"2017-02-22 00:00:00",22972
"2017-02-23 00:00:00",22853
"2017-02-24 00:00:00",24052
"2017-02-25 00:00:00",31028
"2017-02-26 00:00:00",34119
"2017-02-27 00:00:00",25857
"2017-02-28 00:00:00",23412
"2017-03-01 00:00:00",22152
"2017-03-02 00:00:00",21814
"2017-03-03 00:00:00",22696
"2017-03-04 00:00:00",29469
"2017-03-05 00:00:00",31832
"2017-03-06 00:00:00",26307
"2017-03-07 00:00:00",21227
"2017-03-08 00:00:00",20415
"2017-03-09 00:00:00",20363
"2017-03-10 00:00:00",22094
"2017-03-11 00:00:00",28207
"2017-03-12 00:00:00",30924
"2017-03-13 00:00:00",25347
"2017-03-14 00:00:00",23300
"2017-03-15 00:00:00",21520
"2017-03-16 00:00:00",20677
"2017-03-17 00:00:00",22354
"2017-03-18 00:00:00",27661
"2017-03-19 00:00:00",30511
"2017-03-20 00:00:00",22447
"2017-03-21 00:00:00",18355
"2017-03-22 00:00:00",10320
"2017-03-23 00:00:00",19282
"2017-03-24 00:00:00",20228
"2017-03-25 00:00:00",24798
"2017-03-26 00:00:00",26821
"2017-03-27 00:00:00",20477
"2017-03-28 00:00:00",18842
"2017-03-29 00:00:00",18478
"2017-03-30 00:00:00",18184
"2017-03-31 00:00:00",19041
"2017-04-01 00:00:00",24453
"2017-04-02 00:00:00",27115
"2017-04-03 00:00:00",20051
"2017-04-04 00:00:00",19415
"2017-04-05 00:00:00",19217
"2017-04-06 00:00:00",19098
"2017-04-07 00:00:00",19909
"2017-04-08 00:00:00",25075
"2017-04-09 00:00:00",26684
"2017-04-10 00:00:00",22995
"2017-04-11 00:00:00",19868
"2017-04-12 00:00:00",19183
"2017-04-13 00:00:00",19689
"2017-04-14 00:00:00",23180
"2017-04-15 00:00:00",25555
"2017-04-16 00:00:00",27156
"2017-04-17 00:00:00",24197
"2017-04-18 00:00:00",20780
"2017-04-19 00:00:00",20368
"2017-04-20 00:00:00",20141
"2017-04-21 00:00:00",21337
"2017-04-22 00:00:00",26924
"2017-04-23 00:00:00",29052
"2017-04-24 00:00:00",23993
"2017-04-25 00:00:00",20389
"2017-04-26 00:00:00",19278
"2017-04-27 00:00:00",19583
"2017-04-28 00:00:00",20340
"2017-04-29 00:00:00",26144
"2017-04-30 00:00:00",28624
"2017-05-01 00:00:00",24429
"2017-05-02 00:00:00",21052
"2017-05-03 00:00:00",20556
"2017-05-04 00:00:00",20175
"2017-05-05 00:00:00",20995
"2017-05-06 00:00:00",26237
"2017-05-07 00:00:00",28813
"2017-05-08 00:00:00",24995
"2017-05-09 00:00:00",20905
"2017-05-10 00:00:00",19777
"2017-05-11 00:00:00",19856
"2017-05-12 00:00:00",20666
"2017-05-13 00:00:00",26009
"2017-05-14 00:00:00",27549
"2017-05-15 00:00:00",23383
"2017-05-16 00:00:00",20316
"2017-05-17 00:00:00",19427
"2017-05-18 00:00:00",19382
"2017-05-19 00:00:00",20010
"2017-05-20 00:00:00",25144
"2017-05-21 00:00:00",28023
"2017-05-22 00:00:00",24391
"2017-05-23 00:00:00",20265
"2017-05-24 00:00:00",20298
"2017-05-25 00:00:00",24690,
"2017-05-26 00:00:00",36294
"2017-05-27 00:00:00",45375
"2017-05-28 00:00:00",49919
"2017-05-29 00:00:00",42654
"2017-05-30 00:00:00",37357
"2017-05-31 00:00:00",30469
"2017-06-01 00:00:00",29092
"2017-06-02 00:00:00",28921
"2017-06-03 00:00:00",34209
"2017-06-04 00:00:00",38369
"2017-06-05 00:00:00",35531
"2017-06-06 00:00:00",28786
"2017-06-07 00:00:00",27630
"2017-06-08 00:00:00",26596
"2017-06-09 00:00:00",26523
"2017-06-10 00:00:00",30637
"2017-06-11 00:00:00",33948
"2017-06-12 00:00:00",29177
"2017-06-13 00:00:00",25817
"2017-06-14 00:00:00",25256
"2017-06-15 00:00:00",25865
"2017-06-16 00:00:00",25762
"2017-06-17 00:00:00",29837
"2017-06-18 00:00:00",32240
"2017-06-19 00:00:00",28858
"2017-06-20 00:00:00",24879
"2017-06-21 00:00:00",24248
"2017-06-22 00:00:00",23524
"2017-06-23 00:00:00",25651
"2017-06-24 00:00:00",31986
"2017-06-25 00:00:00",36945
"2017-06-26 00:00:00",32836
"2017-06-27 00:00:00",29634
"2017-06-28 00:00:00",29195
"2017-06-29 00:00:00",28987
"2017-06-30 00:00:00",29029
"2017-07-01 00:00:00",33676
"2017-07-02 00:00:00",36837
"2017-07-03 00:00:00",34150
"2017-07-04 00:00:00",36254
"2017-07-05 00:00:00",32411
"2017-07-06 00:00:00",29826
"2017-07-07 00:00:00",28992
"2017-07-08 00:00:00",33250
"2017-07-09 00:00:00",36584
"2017-07-10 00:00:00",33109
"2017-07-11 00:00:00",28227
"2017-07-12 00:00:00",27708
"2017-07-13 00:00:00",26726
"2017-07-14 00:00:00",26896
"2017-07-15 00:00:00",30790
"2017-07-16 00:00:00",34046
"2017-07-17 00:00:00",30861
"2017-07-18 00:00:00",26023
"2017-07-19 00:00:00",25704
"2017-07-20 00:00:00",25256
"2017-07-21 00:00:00",24605
"2017-07-22 00:00:00",29040
"2017-07-23 00:00:00",32406
"2017-07-24 00:00:00",25861
"2017-07-25 00:00:00",25467
"2017-07-26 00:00:00",25136
"2017-07-27 00:00:00",24545
"2017-07-28 00:00:00",24754
"2017-07-29 00:00:00",28313
"2017-07-30 00:00:00",31738
"2017-07-31 00:00:00",25200
"2017-08-01 00:00:00",24637
"2017-08-02 00:00:00",24594
"2017-08-03 00:00:00",24020
"2017-08-04 00:00:00",23531
"2017-08-05 00:00:00",27217
"2017-08-06 00:00:00",30765
"2017-08-07 00:00:00",24804
"2017-08-08 00:00:00",23571
"2017-08-09 00:00:00",22844
"2017-08-10 00:00:00",22539
"2017-08-11 00:00:00",22671
"2017-08-12 00:00:00",27037
"2017-08-13 00:00:00",29890
"2017-08-14 00:00:00",23267
"2017-08-15 00:00:00",23162
"2017-08-16 00:00:00",22328
"2017-08-17 00:00:00",21854
"2017-08-18 00:00:00",21983
"2017-08-19 00:00:00",26845
"2017-08-20 00:00:00",30001
"2017-08-21 00:00:00",23020
"2017-08-22 00:00:00",22134,,903
"2017-08-23 00:00:00",22173,,3423
"2017-08-24 00:00:00",22438,,1183
"2017-08-25 00:00:00",23208,,2658
"2017-08-26 00:00:00",29283,,1005
"2017-08-27 00:00:00",32763,,1006
"2017-08-28 00:00:00",25062,,1458
"2017-08-29 00:00:00",22613,,765
"2017-08-30 00:00:00",22008,,816
"2017-08-31 00:00:00",23052,,1298
"2017-09-01 00:00:00",23822,,1116
"2017-09-02 00:00:00",29203,,1241
"2017-09-03 00:00:00",31961,,699
"2017-09-04 00:00:00",31333,,1665
"2017-09-05 00:00:00",23637,,846
"2017-09-06 00:00:00",22707,,4257
"2017-09-07 00:00:00",22410,,5430
"2017-09-08 00:00:00",23375,,1028
"2017-09-09 00:00:00",29312,,1483
"2017-09-10 00:00:00",31837,,3502
"2017-09-11 00:00:00",23455,,1101
"2017-09-12 00:00:00",22284,,921
"2017-09-13 00:00:00",21300,,2078
"2017-09-14 00:00:00",21451,,3067
"2017-09-15 00:00:00",22374,,1189
"2017-09-16 00:00:00",28135,,933
"2017-09-17 00:00:00",31141,,1287
"2017-09-18 00:00:00",22284,,1063
"2017-09-19 00:00:00",21553,,869
"2017-09-20 00:00:00",21075,,1928
"2017-09-21 00:00:00",19623,,1589
"2017-09-22 00:00:00",20343,,912
"2017-09-23 00:00:00",26236,,1069
"2017-09-24 00:00:00",29799,,2478
"2017-09-25 00:00:00",22003,,719
"2017-09-26 00:00:00",21311,,3273
"2017-09-27 00:00:00",20656,,1084
"2017-09-28 00:00:00",20114,,1001
"2017-09-29 00:00:00",20902,,530
"2017-09-30 00:00:00",27199,,1304
"2017-10-01 00:00:00",29801,,3464
"2017-10-02 00:00:00",22827,,4575
"2017-10-03 00:00:00",22329,,560
"2017-10-04 00:00:00",21823,,2749
"2017-10-05 00:00:00",21376,,2605
"2017-10-06 00:00:00",22633,,784
"2017-10-07 00:00:00",28338,,872
"2017-10-08 00:00:00",31122,,835
"2017-10-09 00:00:00",25314,,741
"2017-10-10 00:00:00",21560,,622
"2017-10-11 00:00:00",21240,,545
"2017-10-12 00:00:00",21108,,2487
"2017-10-13 00:00:00",21467,,2284
"2017-10-14 00:00:00",27221,,682
"2017-10-15 00:00:00",29669,,579
"2017-10-16 00:00:00",21919,,749
"2017-10-17 00:00:00",20400,,6620
"2017-10-18 00:00:00",20834,,490
"2017-10-19 00:00:00",21745,,464
"2017-10-20 00:00:00",24178,,603
"2017-10-21 00:00:00",31720,,1010
"2017-10-22 00:00:00",36183,,1129
"2017-10-23 00:00:00",27390,,465
"2017-10-24 00:00:00",25986,,681
"2017-10-25 00:00:00",24927,,4943
"2017-10-26 00:00:00",24011,,313
"2017-10-27 00:00:00",23900,,468
"2017-10-28 00:00:00",29642,,649
"2017-10-29 00:00:00",32760,,825
"2017-10-30 00:00:00",23923,,461
"2017-10-31 00:00:00",22237,,621
"2017-11-01 00:00:00",23464,,533
"2017-11-02 00:00:00",23442,,675
"2017-11-03 00:00:00",23708,,515
"2017-11-04 00:00:00",29309,,1049
"2017-11-05 00:00:00",32430,,717
"2017-11-06 00:00:00",23929,,742
"2017-11-07 00:00:00",20426,,435
"2017-11-08 00:00:00",20652,,606
"2017-11-09 00:00:00",20864,,674
"2017-11-10 00:00:00",23559,,1133
"2017-11-11 00:00:00",28851,,1271
"2017-11-12 00:00:00",31752,,801
"2017-11-13 00:00:00",23437,,757
"2017-11-14 00:00:00",21249,,641
"2017-11-15 00:00:00",20985,,847
"2017-11-16 00:00:00",20836,,600
"2017-11-17 00:00:00",21632,,513
"2017-11-18 00:00:00",28215,,8155
"2017-11-19 00:00:00",30301,,6648
"2017-11-20 00:00:00",22893,,6331
"2017-11-21 00:00:00",22208,,5870
"2017-11-22 00:00:00",23325,,5971
"2017-11-23 00:00:00",24723,,1046
"2017-11-24 00:00:00",27342,,5347
"2017-11-25 00:00:00",31386,,6908
"2017-11-26 00:00:00",33737,,6823
"2017-11-27 00:00:00",26101,,1417
"2017-11-28 00:00:00",24105,,6918
"2017-11-29 00:00:00",23175,,6123
"2017-11-30 00:00:00",21463,,6020
"2017-12-01 00:00:00",23942,,9137
"2017-12-02 00:00:00",31119,,6796
"2017-12-03 00:00:00",33547,,6034
"2017-12-04 00:00:00",25499,,6872
"2017-12-05 00:00:00",22999,,5193
"2017-12-06 00:00:00",22527,,3326
"2017-12-07 00:00:00",22208,,2782
"2017-12-08 00:00:00",23666,,1896
"2017-12-09 00:00:00",30367,,2950
"2017-12-10 00:00:00",32622,,2926
"2017-12-11 00:00:00",24434,,4540
"2017-12-12 00:00:00",22280,,5442
"2017-12-13 00:00:00",21345,,1498
"2017-12-14 00:00:00",21089,,3566
"2017-12-15 00:00:00",22115,,5533
"2017-12-16 00:00:00",27712,,1249
"2017-12-17 00:00:00",29892,,2338
"2017-12-18 00:00:00",23171,,1190
"2017-12-19 00:00:00",22488,,7535
"2017-12-20 00:00:00",22319,,3163
"2017-12-21 00:00:00",22409,,2064
"2017-12-22 00:00:00",23898,,2114
"2017-12-23 00:00:00",27935,,1936
"2017-12-24 00:00:00",25067,,989
"2017-12-25 00:00:00",27395,,3305
"2017-12-26 00:00:00",30122,,1004
"2017-12-27 00:00:00",30636,,713
"2017-12-28 00:00:00",30776,,1094
"2017-12-29 00:00:00",30948,,1159
"2017-12-30 00:00:00",34583,,915
"2017-12-31 00:00:00",30279,,27278
"2018-01-01 00:00:00",37413,,792
"2018-01-02 00:00:00",31512,,1084
"2018-01-03 00:00:00",29926,,719
"2018-01-04 00:00:00",31035,,1425
"2018-01-05 00:00:00",30020,,1742
"2018-01-06 00:00:00",35493,,1449
"2018-01-07 00:00:00",36759,,1272
"2018-01-08 00:00:00",28522,,2322
"2018-01-09 00:00:00",25024,,1786
"2018-01-10 00:00:00",24174,,1195
"2018-01-11 00:00:00",24284,,1162
"2018-01-12 00:00:00",26437,,1311
"2018-01-13 00:00:00",33157,,1322
"2018-01-14 00:00:00",35160,,3083
"2018-01-15 00:00:00",29664,,1140
"2018-01-16 00:00:00",25586,,1385
"2018-01-17 00:00:00",25262,,1336
"2018-01-18 00:00:00",24029,,1498
"2018-01-19 00:00:00",24776,,675
"2018-01-20 00:00:00",31883,,909
"2018-01-21 00:00:00",34116,,998
"2018-01-22 00:00:00",25749,,951
"2018-01-23 00:00:00",23583,,674
"2018-01-24 00:00:00",21049,,558
"2018-01-25 00:00:00",22120,,1332
"2018-01-26 00:00:00",23473,,675
"2018-01-27 00:00:00",29864,,948
"2018-01-28 00:00:00",32999,,834
"2018-01-29 00:00:00",24930,,617
"2018-01-30 00:00:00",22560,,1411
"2018-01-31 00:00:00",21919,,767
"2018-02-01 00:00:00",23159,,799
"2018-02-02 00:00:00",30685,,792
"2018-02-03 00:00:00",41686,,929
"2018-02-04 00:00:00",45404,,848
"2018-02-05 00:00:00",28832,,750
"2018-02-06 00:00:00",27343,,761
"2018-02-07 00:00:00",27556,,762
"2018-02-08 00:00:00",26125,,672
"2018-02-09 00:00:00",27793,,599
"2018-02-10 00:00:00",35225,,1157
"2018-02-11 00:00:00",38594,,609
"2018-02-12 00:00:00",28953,,704
"2018-02-13 00:00:00",25850,,672
"2018-02-14 00:00:00",23853,,578
"2018-02-15 00:00:00",24546,,655
"2018-02-16 00:00:00",26251,,516
"2018-02-17 00:00:00",31934,,604
"2018-02-18 00:00:00",34446,,761
"2018-02-19 00:00:00",28983,,778
"2018-02-20 00:00:00",24349,,1983
"2018-02-21 00:00:00",23438,,610
"2018-02-22 00:00:00",23221,,639
"2018-02-23 00:00:00",23662,,558
"2018-02-24 00:00:00",29734,,802
"2018-02-25 00:00:00",31877,,899
"2018-02-26 00:00:00",23848,,598
"2018-02-27 00:00:00",21964,,845
"2018-02-28 00:00:00",19759,,561
"2018-03-01 00:00:00",21213,,703
"2018-03-02 00:00:00",22993,,753
"2018-03-03 00:00:00",28652,,1108
"2018-03-04 00:00:00",30520,,764
"2018-03-05 00:00:00",22807,,1569
"2018-03-06 00:00:00",20427,,956
"2018-03-07 00:00:00",20904,,656
"2018-03-08 00:00:00",20745,,871
"2018-03-09 00:00:00",21218,,705
"2018-03-10 00:00:00",26940,,733
"2018-03-11 00:00:00",29466,,650
"2018-03-12 00:00:00",22181,,739
"2018-03-13 00:00:00",21531,,568
"2018-03-14 00:00:00",20873,,588
"2018-03-15 00:00:00",20221,,974
"2018-03-16 00:00:00",21940,,689
"2018-03-17 00:00:00",26992,,682
"2018-03-18 00:00:00",29377,,656
"2018-03-19 00:00:00",21909,,747
"2018-03-20 00:00:00",20868,,817
"2018-03-21 00:00:00",21069,,857
"2018-03-22 00:00:00",20131,,928
"2018-03-23 00:00:00",20625,,741
"2018-03-24 00:00:00",25965,,768
"2018-03-25 00:00:00",28388,,580
"2018-03-26 00:00:00",21076,,564
"2018-03-27 00:00:00",19478,,491
"2018-03-28 00:00:00",19439,,491
"2018-03-29 00:00:00",19572,,671
"2018-03-30 00:00:00",22409,,774
"2018-03-31 00:00:00",23952,,1012
"2018-04-01 00:00:00",24988,,848
"2018-04-02 00:00:00",22042,,746
"2018-04-03 00:00:00",17641,,624
"2018-04-04 00:00:00",17672,,535
"2018-04-05 00:00:00",18273,,527
"2018-04-06 00:00:00",19233,,601
"2018-04-07 00:00:00",23955,,512
"2018-04-08 00:00:00",26324,,983
"2018-04-09 00:00:00",18739,,543
"2018-04-10 00:00:00",17980,,720
"2018-04-11 00:00:00",17453,,3857
"2018-04-12 00:00:00",17371,,2955
"2018-04-13 00:00:00",18274,,3176
"2018-04-14 00:00:00",23269,,2424
"2018-04-15 00:00:00",25867,,2118
"2018-04-16 00:00:00",18915,,3002
"2018-04-17 00:00:00",17764,,1850
"2018-04-18 00:00:00",17193,,1880
"2018-04-19 00:00:00",17032,,2003
"2018-04-20 00:00:00",17437,,1584
"2018-04-21 00:00:00",22589,,686
"2018-04-22 00:00:00",24921,,757
"2018-04-23 00:00:00",18329,,9327
"2018-04-24 00:00:00",17556,,9578
"2018-04-25 00:00:00",17093,,1441
"2018-04-26 00:00:00",16749,,1534
"2018-04-27 00:00:00",17480,,977
"2018-04-28 00:00:00",21705,,1139
"2018-04-29 00:00:00",25169,,5199
"2018-04-30 00:00:00",19145,,2989
"2018-05-01 00:00:00",19697,,872
"2018-05-02 00:00:00",17988,,4994
"2018-05-03 00:00:00",17986,,5119
"2018-05-04 00:00:00",18238,,4235
"2018-05-05 00:00:00",22276,,3558
"2018-05-06 00:00:00",24683,,3760
"2018-05-07 00:00:00",18180,,4097
"2018-05-08 00:00:00",17505,,5295
"2018-05-09 00:00:00",17130,,4016
"2018-05-10 00:00:00",18137,,3026
"2018-05-11 00:00:00",18168,,10213
"2018-05-12 00:00:00",22739,,5305
"2018-05-13 00:00:00",24287,,3357
"2018-05-14 00:00:00",18398,,3755
"2018-05-15 00:00:00",18220,,3786
"2018-05-16 00:00:00",17964,,1569
"2018-05-17 00:00:00",17982,,3200
"2018-05-18 00:00:00",18497,,2783
"2018-05-19 00:00:00",23407,,2259
"2018-05-20 00:00:00",25726,,4196
"2018-05-21 00:00:00",20636,,2101
"2018-05-22 00:00:00",18766,,1205
"2018-05-23 00:00:00",16852,,2664
"2018-05-24 00:00:00",17507,,1038
"2018-05-25 00:00:00",18264,,658
"2018-05-26 00:00:00",21606,,717
"2018-05-27 00:00:00",24587,,602
"2018-05-28 00:00:00",24148,,692
"2018-05-29 00:00:00",19810,,669
"2018-05-30 00:00:00",23166,,5043
"2018-05-31 00:00:00",24993,,1940
"2018-06-01 00:00:00",25627,,5401
"2018-06-02 00:00:00",32348,,1897
"2018-06-03 00:00:00",37148,,1068
"2018-06-04 00:00:00",28710,,1095
"2018-06-05 00:00:00",28050,,3787
"2018-06-06 00:00:00",27606,,4063
"2018-06-07 00:00:00",26901,,1814
"2018-06-08 00:00:00",27438,,1106
"2018-06-09 00:00:00",32821,,3315
"2018-06-10 00:00:00",37026,,1787
"2018-06-11 00:00:00",34521,,2061
"2018-06-12 00:00:00",34159,,1654
"2018-06-13 00:00:00",34786,,5552
"2018-06-14 00:00:00",34946,,2335
"2018-06-15 00:00:00",34632,,3258
"2018-06-16 00:00:00",40443,,2345
"2018-06-17 00:00:00",44669,,3264
"2018-06-18 00:00:00",36361,,3723
"2018-06-19 00:00:00",35194,,3723
"2018-06-20 00:00:00",34351,,6210
"2018-06-21 00:00:00",32584,,2421
"2018-06-22 00:00:00",35445,,2319
"2018-06-23 00:00:00",42410,,4306
"2018-06-24 00:00:00",47573,,5240
"2018-06-25 00:00:00",38076,,2376
"2018-06-26 00:00:00",36354,,3818
"2018-06-27 00:00:00",32982,,1676
"2018-06-28 00:00:00",33175,,2077
"2018-06-29 00:00:00",33828,,2286
"2018-06-30 00:00:00",38834,,1702
"2018-07-01 00:00:00",43476,,4250
"2018-07-02 00:00:00",35996,,5950
"2018-07-03 00:00:00",34085,,20533
"2018-07-04 00:00:00",39656,,3312
"2018-07-05 00:00:00",34865,,3585
"2018-07-06 00:00:00",33657,,2424
"2018-07-07 00:00:00",36825,,4869
"2018-07-08 00:00:00",41284,,4042
"2018-07-09 00:00:00",33251,,2780
"2018-07-10 00:00:00",30533,,2702
"2018-07-11 00:00:00",29116,,2201
"2018-07-12 00:00:00",29419,,3823
"2018-07-13 00:00:00",28692,,3679
"2018-07-14 00:00:00",33994,,1304
"2018-07-15 00:00:00",37261,,1549
"2018-07-16 00:00:00",29749,,2098
"2018-07-17 00:00:00",28769,,1218
"2018-07-18 00:00:00",27562,,1092
"2018-07-19 00:00:00",26711,,3390
"2018-07-20 00:00:00",26222,,2936
"2018-07-21 00:00:00",30985,,1338
"2018-07-22 00:00:00",34511,,3764
"2018-07-23 00:00:00",27141,,1713
"2018-07-24 00:00:00",25442,,1484
"2018-07-25 00:00:00",22427,,4649
"2018-07-26 00:00:00",22988,,1486
"2018-07-27 00:00:00",22613,,4386
"2018-07-28 00:00:00",27996,,5012
"2018-07-29 00:00:00",31155,,3038
"2018-07-30 00:00:00",24873,,1987
"2018-07-31 00:00:00",23336,,3504
"2018-08-01 00:00:00",22964,,1813
"2018-08-02 00:00:00",22180,,986
"2018-08-03 00:00:00",21759,,1706
"2018-08-04 00:00:00",25974,,3149
"2018-08-05 00:00:00",28692,,3043
"2018-08-06 00:00:00",23610,,2203
"2018-08-07 00:00:00",22142,,1446
"2018-08-08 00:00:00",22927,,855
"2018-08-09 00:00:00",22743,,1154
"2018-08-10 00:00:00",23092,,1122
"2018-08-11 00:00:00",28181,,708
"2018-08-12 00:00:00",32335,,768
"2018-08-13 00:00:00",27055,,812
"2018-08-14 00:00:00",25578,,1499
"2018-08-15 00:00:00",24876,,1291
"2018-08-16 00:00:00",23953,,873
"2018-08-17 00:00:00",23785,,980
"2018-08-18 00:00:00",28100,,1112
"2018-08-19 00:00:00",31087,,1513
"2018-08-20 00:00:00",24052,,2560
"2018-08-21 00:00:00",23116,,953
"2018-08-22 00:00:00",22276,,911
"2018-08-23 00:00:00",21787,,2232
"2018-08-24 00:00:00",22020,,4313
"2018-08-25 00:00:00",27174,,1735
"2018-08-26 00:00:00",30406,,8423
"2018-08-27 00:00:00",23132,,6309
"2018-08-28 00:00:00",22006,,5830
"2018-08-29 00:00:00",20255,,5482
"2018-08-30 00:00:00",20472,,4779
"2018-08-31 00:00:00",21445,,5123
"2018-09-01 00:00:00",25879,,1942
"2018-09-02 00:00:00",28540,,757
"2018-09-03 00:00:00",28614,,1457
"2018-09-04 00:00:00",21057,,647
"2018-09-05 00:00:00",19740,,2824
"2018-09-06 00:00:00",19038,,683
"2018-09-07 00:00:00",19575,,1505
"2018-09-08 00:00:00",25194,,1037
"2018-09-09 00:00:00",27462,,1131
"2018-09-10 00:00:00",20286,,675
"2018-09-11 00:00:00",19638,,1272
"2018-09-12 00:00:00",19025,,1001
"2018-09-13 00:00:00",18975,,3827
"2018-09-14 00:00:00",19536,,720
"2018-09-15 00:00:00",24605,,5189
"2018-09-16 00:00:00",27422,,5888
"2018-09-17 00:00:00",20229,,5143
"2018-09-18 00:00:00",19421,,5695
"2018-09-19 00:00:00",19200,,5055
"2018-09-20 00:00:00",18869,,1291
"2018-09-21 00:00:00",19960,,1208
"2018-09-22 00:00:00",25220,,1008
"2018-09-23 00:00:00",28344,,940
"2018-09-24 00:00:00",20400,,1319
"2018-09-25 00:00:00",19445,,1100
"2018-09-26 00:00:00",19289,,1082
"2018-09-27 00:00:00",18657,,1236
"2018-09-28 00:00:00",19383,,1153
"2018-09-29 00:00:00",25182,,1315
"2018-09-30 00:00:00",28006,,1387
"2018-10-01 00:00:00",20457,,8364
"2018-10-02 00:00:00",19981,,1252
"2018-10-03 00:00:00",18820,,8306
"2018-10-04 00:00:00",18937,,2053
"2018-10-05 00:00:00",19853,,1148
"2018-10-06 00:00:00",25333,,1846
"2018-10-07 00:00:00",27717,,2168
"2018-10-08 00:00:00",23054,,5561
"2018-10-09 00:00:00",20799,,6908
"2018-10-10 00:00:00",20503,,1825
"2018-10-11 00:00:00",20294,,6436
"2018-10-12 00:00:00",21813,,8108
"2018-10-13 00:00:00",27509,,2455
"2018-10-14 00:00:00",30493,,7704
"2018-10-15 00:00:00",22696,,8235
"2018-10-16 00:00:00",21756,,12639
"2018-10-17 00:00:00",22286,,9641
"2018-10-18 00:00:00",22959,,10619
"2018-10-19 00:00:00",25009,,13318
"2018-10-20 00:00:00",32392,,15644
"2018-10-21 00:00:00",36543,,15547
"2018-10-22 00:00:00",27741,,9603
"2018-10-23 00:00:00",26929,,7251
"2018-10-24 00:00:00",26662,,11816
"2018-10-25 00:00:00",26168,,7885
"2018-10-26 00:00:00",26252,,5470
"2018-10-27 00:00:00",33369,,6286
"2018-10-28 00:00:00",35836,,7506
"2018-10-29 00:00:00",26012,,1377
"2018-10-30 00:00:00",24554,,5650
"2018-10-31 00:00:00",23706,,1351
"2018-11-01 00:00:00",23854,,7609
"2018-11-02 00:00:00",26206,,9201
"2018-11-03 00:00:00",31520,,9045
"2018-11-04 00:00:00",33493,,10932
"2018-11-05 00:00:00",24833,,8866
"2018-11-06 00:00:00",23379,,10995
"2018-11-07 00:00:00",23185,,9150
"2018-11-08 00:00:00",21066,,2272
"2018-11-09 00:00:00",24325,,4221
"2018-11-10 00:00:00",31351,,8340
"2018-11-11 00:00:00",33585,,8230
"2018-11-12 00:00:00",26880,,3556
"2018-11-13 00:00:00",21650,,1703
"2018-11-14 00:00:00",19922,,876
"2018-11-15 00:00:00",20446,,787
"2018-11-16 00:00:00",21415,,6087
"2018-11-17 00:00:00",27268,,7863
"2018-11-18 00:00:00",29582,,7848
"2018-11-19 00:00:00",22577,,6723
"2018-11-20 00:00:00",22094,,491
"2018-11-21 00:00:00",23792,,781
"2018-11-22 00:00:00",24813,,482
"2018-11-23 00:00:00",26940,,1250
"2018-11-24 00:00:00",30721,,451
"2018-11-25 00:00:00",33469,,1293
"2018-11-26 00:00:00",24441,,605
"2018-11-27 00:00:00",23610,,768
"2018-11-28 00:00:00",22994,,617
"2018-11-29 00:00:00",22817,,544
"2018-11-30 00:00:00",23546,,479
"2018-12-01 00:00:00",30242,,515
"2018-12-02 00:00:00",31647,,6127
"2018-12-03 00:00:00",22937,,548
"2018-12-04 00:00:00",22135,,1831
"2018-12-05 00:00:00",19969,,1989
"2018-12-06 00:00:00",19378,,6648
"2018-12-07 00:00:00",20978,,4750
"2018-12-08 00:00:00",27184,,5240
"2018-12-09 00:00:00",29396,,1372
"2018-12-10 00:00:00",21423,,5649
"2018-12-11 00:00:00",20120,,5521
"2018-12-12 00:00:00",19216,,318
"2018-12-13 00:00:00",18687,,4387
"2018-12-14 00:00:00",19122,,4550
"2018-12-15 00:00:00",24227,,911
"2018-12-16 00:00:00",25925,,290
"2018-12-17 00:00:00",19358,,4910
"2018-12-18 00:00:00",18937,,5292
"2018-12-19 00:00:00",18556,,1367
"2018-12-20 00:00:00",18042,,7479
"2018-12-21 00:00:00",18978,,300
"2018-12-22 00:00:00",21816,,6054
"2018-12-23 00:00:00",22542,,4867
"2018-12-24 00:00:00",18750,,323
"2018-12-25 00:00:00",20098,,1390
"2018-12-26 00:00:00",21273,,1460
"2018-12-27 00:00:00",21513,,482
"2018-12-28 00:00:00",21552,,499
"2018-12-29 00:00:00",23119,,1862
"2018-12-30 00:00:00",24646,,2561
"2018-12-31 00:00:00",21175,,1307
"2019-01-01 00:00:00",25257,,475
"2019-01-02 00:00:00",21224,,694
"2019-01-03 00:00:00",20530,,729
"2019-01-04 00:00:00",20679,,349
"2019-01-05 00:00:00",23563,,614
"2019-01-06 00:00:00",24175,,1073
"2019-01-07 00:00:00",18266,,534
"2019-01-08 00:00:00",16797,,861
"2019-01-09 00:00:00",16390,,444
"2019-01-10 00:00:00",16199,,379
"2019-01-11 00:00:00",17091,,458
"2019-01-12 00:00:00",21782,,433
"2019-01-13 00:00:00",22854,,449
"2019-01-14 00:00:00",16900,,290
"2019-01-15 00:00:00",15419,,3123
"2019-01-16 00:00:00",15195,,634
"2019-01-17 00:00:00",15259,,2689
"2019-01-18 00:00:00",16012,,669
"2019-01-19 00:00:00",20566,,2308
"2019-01-20 00:00:00",22355,,2730
"2019-01-21 00:00:00",18597,,321
"2019-01-22 00:00:00",15475,,334
"2019-01-23 00:00:00",15061,,416
"2019-01-24 00:00:00",14808,,3990
"2019-01-25 00:00:00",15368,,1965
"2019-01-26 00:00:00",19614,,6524
"2019-01-27 00:00:00",21041,,2472
"2019-01-28 00:00:00",15637,,1053
"2019-01-29 00:00:00",15185,,2164
"2019-01-30 00:00:00",15594,,315
"2019-01-31 00:00:00",15119,,2367
"2019-02-01 00:00:00",15021,,659
"2019-02-02 00:00:00",19253,,699
"2019-02-03 00:00:00",20726,,258
"2019-02-04 00:00:00",15010,,401
"2019-02-05 00:00:00",14553,,586
"2019-02-06 00:00:00",14477,,359
"2019-02-07 00:00:00",14497,,2374
"2019-02-08 00:00:00",14853,,327
"2019-02-09 00:00:00",19328,,483
"2019-02-10 00:00:00",20743,,381
"2019-02-11 00:00:00",15565,,342
"2019-02-12 00:00:00",15081,,353
"2019-02-13 00:00:00",13942,,481
"2019-02-14 00:00:00",13242,,328
"2019-02-15 00:00:00",14353,,247
"2019-02-16 00:00:00",17890,,471
"2019-02-17 00:00:00",19148,,400
"2019-02-18 00:00:00",16447,,313
"2019-02-19 00:00:00",13839,,379
"2019-02-20 00:00:00",14142,,265
"2019-02-21 00:00:00",13234,,479
"2019-02-22 00:00:00",13922,,541
"2019-02-23 00:00:00",17750,,410
"2019-02-24 00:00:00",19042,,429
"2019-02-25 00:00:00",14235,,387
"2019-02-26 00:00:00",13238,,376
"2019-02-27 00:00:00",13051,,258
"2019-02-28 00:00:00",12953,,427
"2019-03-01 00:00:00",13284,,326
"2019-03-02 00:00:00",17363,,770
"2019-03-03 00:00:00",18728,,569
"2019-03-04 00:00:00",14134,,263
"2019-03-05 00:00:00",13190,,272
"2019-03-06 00:00:00",12909,,311
"2019-03-07 00:00:00",13037,,474
"2019-03-08 00:00:00",13772,,274
"2019-03-09 00:00:00",18036,,564
"2019-03-10 00:00:00",19993,,448
"2019-03-11 00:00:00",15161,,311
"2019-03-12 00:00:00",14717,,2490
"2019-03-13 00:00:00",13726,,259
"2019-03-14 00:00:00",14269,,408
"2019-03-15 00:00:00",15145,,423
"2019-03-16 00:00:00",18516,,460
"2019-03-17 00:00:00",19932,,295
"2019-03-18 00:00:00",15182,,373
"2019-03-19 00:00:00",14329,,364
"2019-03-20 00:00:00",14010,,1639
"2019-03-21 00:00:00",13957,,376
"2019-03-22 00:00:00",14508,,329
"2019-03-23 00:00:00",17549,,404
"2019-03-24 00:00:00",19268,,333
"2019-03-25 00:00:00",14174,,359
"2019-03-26 00:00:00",13684,,503
"2019-03-27 00:00:00",13620,,370
"2019-03-28 00:00:00",13078,,299
"2019-03-29 00:00:00",13676,,361
"2019-03-30 00:00:00",16830,,919
"2019-03-31 00:00:00",18377,,276
"2019-04-01 00:00:00",13397,,235
"2019-04-02 00:00:00",12836,,380
"2019-04-03 00:00:00",12659,,290
"2019-04-04 00:00:00",12716,,374
"2019-04-05 00:00:00",13264,,299
"2019-04-06 00:00:00",16381,,412
"2019-04-07 00:00:00",17846,,395
"2019-04-08 00:00:00",12982,,288
"2019-04-09 00:00:00",12564,,346
"2019-04-10 00:00:00",12250,,303
"2019-04-11 00:00:00",12207,,381
"2019-04-12 00:00:00",12752,,438
"2019-04-13 00:00:00",16127,,474
"2019-04-14 00:00:00",17838,,459
"2019-04-15 00:00:00",12677,,338
"2019-04-16 00:00:00",12362,,329
"2019-04-17 00:00:00",12262,,306
"2019-04-18 00:00:00",12354,,241
"2019-04-19 00:00:00",14295,,492
"2019-04-20 00:00:00",15434,,485
"2019-04-21 00:00:00",16041,,264
"2019-04-22 00:00:00",13850,,345
"2019-04-23 00:00:00",12199,,369
"2019-04-24 00:00:00",11862,,430
"2019-04-25 00:00:00",11833,,278
"2019-04-26 00:00:00",12541,,359
"2019-04-27 00:00:00",15831,,363
"2019-04-28 00:00:00",17101,,1634
"2019-04-29 00:00:00",12047,,269
"2019-04-30 00:00:00",12167,,723
"2019-05-01 00:00:00",13290,,659
"2019-05-02 00:00:00",12314,,452
"2019-05-03 00:00:00",12950,,413
"2019-05-04 00:00:00",16050,,757
"2019-05-05 00:00:00",17848,,533
"2019-05-06 00:00:00",12779,,546
"2019-05-07 00:00:00",12586,,569
"2019-05-08 00:00:00",12756,,418
"2019-05-09 00:00:00",12628,,659
"2019-05-10 00:00:00",13257,,504
"2019-05-11 00:00:00",16376,,718
"2019-05-12 00:00:00",17559,,541
"2019-05-13 00:00:00",12903,,477
"2019-05-14 00:00:00",12672,,392
"2019-05-15 00:00:00",12287,,2440
"2019-05-16 00:00:00",12355,,448
"2019-05-17 00:00:00",13624,,577
"2019-05-18 00:00:00",17531,,491
"2019-05-19 00:00:00",19824,,2504
"2019-05-20 00:00:00",15198,,591
"2019-05-21 00:00:00",14475,,345
"2019-05-22 00:00:00",14101,,919
"2019-05-23 00:00:00",13765,,442
"2019-05-24 00:00:00",14281,,678
"2019-05-25 00:00:00",17098,,596
"2019-05-26 00:00:00",18322,,480
"2019-05-27 00:00:00",17988,,474
"2019-05-28 00:00:00",14779,,626
"2019-05-29 00:00:00",14334,,854
"2019-05-30 00:00:00",14675,,1409
"2019-05-31 00:00:00",14487,,694
"2019-06-01 00:00:00",16627,,485
"2019-06-02 00:00:00",18506,,793
"2019-06-03 00:00:00",14528,,373
"2019-06-04 00:00:00",14053,,418
"2019-06-05 00:00:00",13775,,384
"2019-06-06 00:00:00",13754,,2528
"2019-06-07 00:00:00",14164,,546
"2019-06-08 00:00:00",17215,,2446
"2019-06-09 00:00:00",19207,,410
"2019-06-10 00:00:00",15887,,546
"2019-06-11 00:00:00",15271,,507
"2019-06-12 00:00:00",15529,,383
"2019-06-13 00:00:00",14564,,1813
"2019-06-14 00:00:00",15293,,433
"2019-06-15 00:00:00",18555,,2080
"2019-06-16 00:00:00",20831,,716
"2019-06-17 00:00:00",17540,,687
"2019-06-18 00:00:00",16813,,479
"2019-06-19 00:00:00",16244,,380
"2019-06-20 00:00:00",16981,,1527
"2019-06-21 00:00:00",16234,,1290
"2019-06-22 00:00:00",18860,,694
"2019-06-23 00:00:00",20681,,560
"2019-06-24 00:00:00",16894,,615
"2019-06-25 00:00:00",15765,,632
"2019-06-26 00:00:00",15326,,811
"2019-06-27 00:00:00",15388,,691
"2019-06-28 00:00:00",15138,,720
"2019-06-29 00:00:00",17568,,843
"2019-06-30 00:00:00",19494,,736
"2019-07-01 00:00:00",16335,,411
"2019-07-02 00:00:00",15624,,584
"2019-07-03 00:00:00",15807,,1901
"2019-07-04 00:00:00",17834,,440
"2019-07-05 00:00:00",16489,,730
"2019-07-06 00:00:00",18388,,2471
"2019-07-07 00:00:00",20267,,1254
"2019-07-08 00:00:00",16660,,2405
"2019-07-09 00:00:00",16100,,945
"2019-07-10 00:00:00",15759,,1600
"2019-07-11 00:00:00",15363,,1057
"2019-07-12 00:00:00",15441,,649
"2019-07-13 00:00:00",17902,,3573
"2019-07-14 00:00:00",19870,,1857
"2019-07-15 00:00:00",15987,,1537
"2019-07-16 00:00:00",15570,,1378
"2019-07-17 00:00:00",15339,,958
"2019-07-18 00:00:00",15090,,1696
"2019-07-19 00:00:00",15306,,1304
"2019-07-20 00:00:00",17361,,558
"2019-07-21 00:00:00",19232,,1803
"2019-07-22 00:00:00",15656,,398
"2019-07-23 00:00:00",15061,,2105
"2019-07-24 00:00:00",16675,,3347
"2019-07-25 00:00:00",17056,,4341
"2019-07-26 00:00:00",18048,,6075
"2019-07-27 00:00:00",22818,,2893
"2019-07-28 00:00:00",25664,,3026
"2019-07-29 00:00:00",21840,,1521
"2019-07-30 00:00:00",22655,,1221
"2019-07-31 00:00:00",21593,,822
"2019-08-01 00:00:00",20278,,698
"2019-08-02 00:00:00",19684,,2057
"2019-08-03 00:00:00",23080,,1801
"2019-08-04 00:00:00",25092,,513
"2019-08-05 00:00:00",20417,,591
"2019-08-06 00:00:00",19406,,2792
"2019-08-07 00:00:00",19049,,1469
"2019-08-08 00:00:00",18286,,872
"2019-08-09 00:00:00",18055,,2662
"2019-08-10 00:00:00",21426,,1869
"2019-08-11 00:00:00",23240,,1395
"2019-08-12 00:00:00",18848,,723
"2019-08-13 00:00:00",18296,,1521
"2019-08-14 00:00:00",16718,,1260
"2019-08-15 00:00:00",17344,,1927
"2019-08-16 00:00:00",16918,,2336
"2019-08-17 00:00:00",20430,,670
"2019-08-18 00:00:00",22699,,893
"2019-08-19 00:00:00",17613,,1889
"2019-08-20 00:00:00",17095,,1261
"2019-08-21 00:00:00",16756,,702
"2019-08-22 00:00:00",16528,,653
"2019-08-23 00:00:00",16558,,540
"2019-08-24 00:00:00",19488,,729
"2019-08-25 00:00:00",21409,,508
"2019-08-26 00:00:00",16707,,500
"2019-08-27 00:00:00",15612,,616
"2019-08-28 00:00:00",15329,,648
"2019-08-29 00:00:00",14824,,398
"2019-08-30 00:00:00",15132,,420
"2019-08-31 00:00:00",18175,,367
"2019-09-01 00:00:00",19997,,1995
"2019-09-02 00:00:00",20112,,420
"2019-09-03 00:00:00",15033,,362
"2019-09-04 00:00:00",14453,,450
"2019-09-05 00:00:00",14175,,310
"2019-09-06 00:00:00",14592,,339
"2019-09-07 00:00:00",18502,,512
"2019-09-08 00:00:00",20241,,346
"2019-09-09 00:00:00",14757,,309
"2019-09-10 00:00:00",14292,,335
"2019-09-11 00:00:00",13868,,424
"2019-09-12 00:00:00",13855,,381
"2019-09-13 00:00:00",13730,,348
"2019-09-14 00:00:00",17142,,461
"2019-09-15 00:00:00",18664,,434
"2019-09-16 00:00:00",14181,,414
"2019-09-17 00:00:00",13678,,422
"2019-09-18 00:00:00",13488,,440
"2019-09-19 00:00:00",13285,,444
"2019-09-20 00:00:00",13692,,484
"2019-09-21 00:00:00",16989,,425
"2019-09-22 00:00:00",18825,,351
"2019-09-23 00:00:00",14085,,598
"2019-09-24 00:00:00",13782,,368
"2019-09-25 00:00:00",13414,,376
"2019-09-26 00:00:00",13288,,370
"2019-09-27 00:00:00",13733,,464
"2019-09-28 00:00:00",17015,,540
"2019-09-29 00:00:00",19041,,454
"2019-09-30 00:00:00",14398,,623
"2019-10-01 00:00:00",13551,,531
"2019-10-02 00:00:00",13344,,329
"2019-10-03 00:00:00",13435,,478
"2019-10-04 00:00:00",13748,,338
"2019-10-05 00:00:00",17201,,536
"2019-10-06 00:00:00",19066,,458
"2019-10-07 00:00:00",14242,,411
"2019-10-08 00:00:00",13893,,426
"2019-10-09 00:00:00",13744,,386
"2019-10-10 00:00:00",13329,,321
"2019-10-11 00:00:00",14267,,312
"2019-10-12 00:00:00",17786,,495
"2019-10-13 00:00:00",19312,,813
"2019-10-14 00:00:00",16062,,595
"2019-10-15 00:00:00",14150,,1198
"2019-10-16 00:00:00",14058,,1042
"2019-10-17 00:00:00",13978,,2330
"2019-10-18 00:00:00",14738,,1884
"2019-10-19 00:00:00",18265,,440
"2019-10-20 00:00:00",20127,,594
"2019-10-21 00:00:00",14991,,406
"2019-10-22 00:00:00",14768,,262
"2019-10-23 00:00:00",16112,,430
"2019-10-24 00:00:00",16710,,672
"2019-10-25 00:00:00",17218,,211
"2019-10-26 00:00:00",21138,,385
"2019-10-27 00:00:00",23362,,340
"2019-10-28 00:00:00",18219,,321
"2019-10-29 00:00:00",17220,,1325
"2019-10-30 00:00:00",16719,,319
"2019-10-31 00:00:00",15893,,273
"2019-11-01 00:00:00",17203,,252
"2019-11-02 00:00:00",20960,,560
"2019-11-03 00:00:00",22781,,730
"2019-11-04 00:00:00",16545,,458
"2019-11-05 00:00:00",15559,,318
"2019-11-06 00:00:00",15189,,697
"2019-11-07 00:00:00",15236,,330
"2019-11-08 00:00:00",16027,,350
"2019-11-09 00:00:00",19797,,467
"2019-11-10 00:00:00",21075,,500
"2019-11-11 00:00:00",17649,,549
"2019-11-12 00:00:00",15470,,485
"2019-11-13 00:00:00",14799,,295
"2019-11-14 00:00:00",14656,,268
"2019-11-15 00:00:00",15234,,344
"2019-11-16 00:00:00",18878,,359
"2019-11-17 00:00:00",20493,,512
"2019-11-18 00:00:00",15138,,327
"2019-11-19 00:00:00",14515,,288
"2019-11-20 00:00:00",14554,,384
"2019-11-21 00:00:00",13622,,412
"2019-11-22 00:00:00",15023,,334
"2019-11-23 00:00:00",18661,,582
"2019-11-24 00:00:00",20144,,556
"2019-11-25 00:00:00",15466,,391
"2019-11-26 00:00:00",14985,,354
"2019-11-27 00:00:00",16200,,530
"2019-11-28 00:00:00",16920,,524
"2019-11-29 00:00:00",18656,,344
"2019-11-30 00:00:00",21545,,696
"2019-12-01 00:00:00",23739,,1166
"2019-12-02 00:00:00",17719,,726
"2019-12-03 00:00:00",16969,,700
"2019-12-04 00:00:00",15193,,916
"2019-12-05 00:00:00",15129,,591
"2019-12-06 00:00:00",16124,,467
"2019-12-07 00:00:00",20780,,579
"2019-12-08 00:00:00",21807,,2306
"2019-12-09 00:00:00",16413,,429
"2019-12-10 00:00:00",15607,,647
"2019-12-11 00:00:00",15076,,627
"2019-12-12 00:00:00",14693,,581
"2019-12-13 00:00:00",14829,,347
"2019-12-14 00:00:00",18698,,1776
"2019-12-15 00:00:00",20191,,802
"2019-12-16 00:00:00",15553,,623
"2019-12-17 00:00:00",15055,,596
"2019-12-18 00:00:00",14459,,589
"2019-12-19 00:00:00",14372,,774
"2019-12-20 00:00:00",15588,,551
"2019-12-21 00:00:00",18828,,559
"2019-12-22 00:00:00",19861,,1715
"2019-12-23 00:00:00",17892,,764
"2019-12-24 00:00:00",16368,,670
"2019-12-25 00:00:00",17732,,479
"2019-12-26 00:00:00",18744,,442
"2019-12-27 00:00:00",19073,,499
"2019-12-28 00:00:00",21104,,615
"2019-12-29 00:00:00",22447,,612
"2019-12-30 00:00:00",20608,,620
"2019-12-31 00:00:00",18182,,509
"2020-01-01 00:00:00",23135,,4529
"2020-01-02 00:00:00",20385,,858
"2020-01-03 00:00:00",20229,,1950
"2020-01-04 00:00:00",22414,,845
"2020-01-05 00:00:00",22852,,788
"2020-01-06 00:00:00",18164,,776
"2020-01-07 00:00:00",17057,,623
"2020-01-08 00:00:00",16576,,674
"2020-01-09 00:00:00",15961,,660
"2020-01-10 00:00:00",17019,,536
"2020-01-11 00:00:00",21355,,711
"2020-01-12 00:00:00",22003,,607
"2020-01-13 00:00:00",16460,,503
"2020-01-14 00:00:00",15757,,818
"2020-01-15 00:00:00",15284,,753
"2020-01-16 00:00:00",15129,,366
"2020-01-17 00:00:00",16299,,557
"2020-01-18 00:00:00",20622,,658
"2020-01-19 00:00:00",21488,,651
"2020-01-20 00:00:00",18409,,476
"2020-01-21 00:00:00",15396,,614
"2020-01-22 00:00:00",15119,,525
"2020-01-23 00:00:00",14912,,613
"2020-01-24 00:00:00",15897,,479
"2020-01-25 00:00:00",20588,,639
"2020-01-26 00:00:00",22195,,567
"2020-01-27 00:00:00",16796,,1144
"2020-01-28 00:00:00",16207,,562
"2020-01-29 00:00:00",15762,,469
"2020-01-30 00:00:00",15575,,423
"2020-01-31 00:00:00",16080,,429
"2020-02-01 00:00:00",20580,,813
"2020-02-02 00:00:00",22078,,822
"2020-02-03 00:00:00",16081,,653
"2020-02-04 00:00:00",15619,,702
"2020-02-05 00:00:00",15477,,520
"2020-02-06 00:00:00",15324,,578
"2020-02-07 00:00:00",16109,,1315
"2020-02-08 00:00:00",19996,,784
"2020-02-09 00:00:00",22043,,855
"2020-02-10 00:00:00",16043,,509
"2020-02-11 00:00:00",15634,,784
"2020-02-12 00:00:00",15018,,722
"2020-02-13 00:00:00",14949,,488
"2020-02-14 00:00:00",15162,,468
"2020-02-15 00:00:00",19372,,1036
"2020-02-16 00:00:00",21094,,684
"2020-02-17 00:00:00",18017,,446
"2020-02-18 00:00:00",15797,,694
"2020-02-19 00:00:00",15441,,528
"2020-02-20 00:00:00",15627,,459
"2020-02-21 00:00:00",15975,,609
"2020-02-22 00:00:00",19641,,506
"2020-02-23 00:00:00",21580,,565
"2020-02-24 00:00:00",16485,,652
"2020-02-25 00:00:00",15666,,1031
"2020-02-26 00:00:00",14953,,636
"2020-02-27 00:00:00",14927,,674
"2020-02-28 00:00:00",15163,,634
"2020-02-29 00:00:00",19558,,1051
"2020-03-01 00:00:00",20421,,1096
"2020-03-02 00:00:00",15169,,1055
"2020-03-03 00:00:00",14303,,547
"2020-03-04 00:00:00",14099,,508
"2020-03-05 00:00:00",14176,,606
"2020-03-06 00:00:00",14804,,819
"2020-03-07 00:00:00",18674,,867
"2020-03-08 00:00:00",20372,,710
"2020-03-09 00:00:00",15472,,613
"2020-03-10 00:00:00",15032,,1004
"2020-03-11 00:00:00",14777,,446
"2020-03-12 00:00:00",15008,,318
"2020-03-13 00:00:00",16369,,401
"2020-03-14 00:00:00",20602,,563
"2020-03-15 00:00:00",22568,,503
"2020-03-16 00:00:00",18652,,1991
"2020-03-17 00:00:00",19244,,1621
"2020-03-18 00:00:00",18996,,653
"2020-03-19 00:00:00",19410,,511
"2020-03-20 00:00:00",19716,,493
"2020-03-21 00:00:00",23186,,504
"2020-03-22 00:00:00",24375,,579
"2020-03-23 00:00:00",20390,,461
"2020-03-24 00:00:00",20413,,540
"2020-03-25 00:00:00",20173,,455
"2020-03-26 00:00:00",19810,,518
"2020-03-27 00:00:00",20284,,523
"2020-03-28 00:00:00",23811,,545
"2020-03-29 00:00:00",24431,,511
"2020-03-30 00:00:00",20414,,485
"2020-03-31 00:00:00",20044,,475
"2020-04-01 00:00:00",19230,,444
"2020-04-02 00:00:00",19399,,385
"2020-04-03 00:00:00",19793,,554
"2020-04-04 00:00:00",22471,,550
"2020-04-05 00:00:00",23099,,453
"2020-04-06 00:00:00",19608,,592
"2020-04-07 00:00:00",19121,,441
"2020-04-08 00:00:00",18930,,457
"2020-04-09 00:00:00",19558,,501
"2020-04-10 00:00:00",20816,,622
"2020-04-11 00:00:00",22254,,675
"2020-04-12 00:00:00",24356,,815
"2020-04-13 00:00:00",21663,,507
"2020-04-14 00:00:00",20193,,425
"2020-04-15 00:00:00",20195,,355
"2020-04-16 00:00:00",19883,,353
"2020-04-17 00:00:00",20774,,642
"2020-04-18 00:00:00",23818,,802
"2020-04-19 00:00:00",24455,,484
"2020-04-20 00:00:00",20743,,485
"2020-04-21 00:00:00",20756,,557
"2020-04-22 00:00:00",20298,,579
"2020-04-23 00:00:00",20268,,488
"2020-04-24 00:00:00",20349,,518
"2020-04-25 00:00:00",22933,,534
"2020-04-26 00:00:00",24078,,1788
"2020-04-27 00:00:00",20669,,507
"2020-04-28 00:00:00",20285,,4588
"2020-04-29 00:00:00",20246,,6260
"2020-04-30 00:00:00",20292,,6803
"2020-05-01 00:00:00",21457,,4458
"2020-05-02 00:00:00",22756,,621
"2020-05-03 00:00:00",23947,,1263
"2020-05-04 00:00:00",20395,,4387
"2020-05-05 00:00:00",19925,,4736
"2020-05-06 00:00:00",19594,,4350
"2020-05-07 00:00:00",19129,,4708
"2020-05-08 00:00:00",20023,,4763
"2020-05-09 00:00:00",22295,,4517
"2020-05-10 00:00:00",23301,,917
"2020-05-11 00:00:00",20445,,4588
"2020-05-12 00:00:00",19751,,4775
"2020-05-13 00:00:00",19425,,4489
"2020-05-14 00:00:00",19103,,19439
"2020-05-15 00:00:00",18781,,14396
"2020-05-16 00:00:00",20361,,9890
"2020-05-17 00:00:00",21938,,11628
"2020-05-18 00:00:00",18984,,4092
"2020-05-19 00:00:00",19045,,8575
"2020-05-20 00:00:00",18161,,11156
"2020-05-21 00:00:00",17767,,4166
"2020-05-22 00:00:00",18322,,15807
"2020-05-23 00:00:00",20485,,12942
"2020-05-24 00:00:00",21269,,843
"2020-05-25 00:00:00",20315,,16404
"2020-05-26 00:00:00",17329,,5119
"2020-05-27 00:00:00",16899,,4191
"2020-05-28 00:00:00",16317,,891
"2020-05-29 00:00:00",16475,,839
"2020-05-30 00:00:00",18088,,1834
"2020-05-31 00:00:00",19377,,1089
"2020-06-01 00:00:00",16458,,574
"2020-06-02 00:00:00",15887,,452
"2020-06-03 00:00:00",15992,,799
"2020-06-04 00:00:00",16021,,923
"2020-06-05 00:00:00",16157,,1024
"2020-06-06 00:00:00",18196,,4203
"2020-06-07 00:00:00",19634,,2001
"2020-06-08 00:00:00",16451,,1467
"2020-06-09 00:00:00",16101,,713
"2020-06-10 00:00:00",15991,,771
"2020-06-11 00:00:00",16002,,1895
"2020-06-12 00:00:00",15341,,944
"2020-06-13 00:00:00",17334,,817
"2020-06-14 00:00:00",18886,,597
"2020-06-15 00:00:00",15945,,4303
"2020-06-16 00:00:00",15436,,578
"2020-06-17 00:00:00",15186,,716
"2020-06-18 00:00:00",14990,,902
"2020-06-19 00:00:00",14801,,693
"2020-06-20 00:00:00",16561,,2927
"2020-06-21 00:00:00",17845,,931
"2020-06-22 00:00:00",15632,,570
"2020-06-23 00:00:00",15192,,765
"2020-06-24 00:00:00",14861,,987
"2020-06-25 00:00:00",14259,,809
"2020-06-26 00:00:00",16077,,1385
"2020-06-27 00:00:00",19166,,2373
"2020-06-28 00:00:00",21126,,564
"2020-06-29 00:00:00",18811,,626
"2020-06-30 00:00:00",18673,,3815
"2020-07-01 00:00:00",18928,,1095
"2020-07-02 00:00:00",18541,,924
"2020-07-03 00:00:00",20046,,1483
"2020-07-04 00:00:00",21045,,1454
"2020-07-05 00:00:00",23204,,1682
"2020-07-06 00:00:00",20190,,871
"2020-07-07 00:00:00",19669,,1085
"2020-07-08 00:00:00",19457,,1078
"2020-07-09 00:00:00",19721,,1787
"2020-07-10 00:00:00",19507,,3747
"2020-07-11 00:00:00",21616,,967
"2020-07-12 00:00:00",22859,,1438
"2020-07-13 00:00:00",19504,,815
"2020-07-14 00:00:00",19061,,796
"2020-07-15 00:00:00",18772,,748
"2020-07-16 00:00:00",18230,,851
"2020-07-17 00:00:00",18037,,1056
"2020-07-18 00:00:00",20056,,802
"2020-07-19 00:00:00",21678,,763
"2020-07-20 00:00:00",18662,,884
"2020-07-21 00:00:00",18000,,807
"2020-07-22 00:00:00",17775,,785
"2020-07-23 00:00:00",17453,,914
"2020-07-24 00:00:00",17469,,759
"2020-07-25 00:00:00",19279,,959
"2020-07-26 00:00:00",21128,,796
"2020-07-27 00:00:00",18154,,744
"2020-07-28 00:00:00",17477,,748
"2020-07-29 00:00:00",16969,,895
"2020-07-30 00:00:00",16682,,912
"2020-07-31 00:00:00",16349,,754
"2020-08-01 00:00:00",18194,,756
"2020-08-02 00:00:00",20259,,673
"2020-08-03 00:00:00",17498,,726
"2020-08-04 00:00:00",17023,,614
"2020-08-05 00:00:00",17478,,2924
"2020-08-06 00:00:00",17971,,1993
"2020-08-07 00:00:00",18411,,1646
"2020-08-08 00:00:00",21196,,1571
"2020-08-09 00:00:00",24224,,1968
"2020-08-10 00:00:00",20744,,1751
"2020-08-11 00:00:00",20431,,2170
"2020-08-12 00:00:00",19591,,1521
"2020-08-13 00:00:00",18759,,742
"2020-08-14 00:00:00",18549,,780
"2020-08-15 00:00:00",20858,,761
"2020-08-16 00:00:00",22716,,947
"2020-08-17 00:00:00",18723,,709
"2020-08-18 00:00:00",18056,,1488
"2020-08-19 00:00:00",17613,,852
"2020-08-20 00:00:00",17197,,870
"2020-08-21 00:00:00",17184,,809
"2020-08-22 00:00:00",19672,,710
"2020-08-23 00:00:00",21246,,1065
"2020-08-24 00:00:00",17874,,619
"2020-08-25 00:00:00",17255,,598
"2020-08-26 00:00:00",16909,,555
"2020-08-27 00:00:00",16628,,496
"2020-08-28 00:00:00",16653,,809
"2020-08-29 00:00:00",19235,,625
"2020-08-30 00:00:00",20712,,965
"2020-08-31 00:00:00",16830,,870
"2020-09-01 00:00:00",15973,,1549
"2020-09-02 00:00:00",15736,,1318
"2020-09-03 00:00:00",15496,,644
"2020-09-04 00:00:00",15678,,657
"2020-09-05 00:00:00",18083,,1406
"2020-09-06 00:00:00",19575,,1201
"2020-09-07 00:00:00",19510,,755
"2020-09-08 00:00:00",15890,,621
"2020-09-09 00:00:00",15502,,686
"2020-09-10 00:00:00",15098,,632
"2020-09-11 00:00:00",15687,,695
"2020-09-12 00:00:00",18468,,1790
"2020-09-13 00:00:00",19524,,2309
"2020-09-14 00:00:00",15679,,1120
"2020-09-15 00:00:00",15155,,601
"2020-09-16 00:00:00",15025,,817
"2020-09-17 00:00:00",15008,,1382
"2020-09-18 00:00:00",15188,,806
"2020-09-19 00:00:00",17914,,1744
"2020-09-20 00:00:00",19135,,1660
"2020-09-21 00:00:00",16036,,692
"2020-09-22 00:00:00",15651,,1252
"2020-09-23 00:00:00",15860,,2174
"2020-09-24 00:00:00",15620,,2968
"2020-09-25 00:00:00",15900,,2806
"2020-09-26 00:00:00",18365,,2177
"2020-09-27 00:00:00",19843,,693
"2020-09-28 00:00:00",16681,,547
"2020-09-29 00:00:00",16446,,848
"2020-09-30 00:00:00",16130,,849
"2020-10-01 00:00:00",15706,,833
"2020-10-02 00:00:00",16217,,677
"2020-10-03 00:00:00",19292,,592
"2020-10-04 00:00:00",20533,,554
"2020-10-05 00:00:00",16733,,892
"2020-10-06 00:00:00",16531,,701
"2020-10-07 00:00:00",16057,,1279