DateTime,Players,Flags,Twitch Viewers
1/4/2015 00:00,1997,,
2/4/2015 00:00,,,
3/4/2015 00:00,,,
4/4/2015 00:00,,,
5/4/2015 00:00,,,
6/4/2015 00:00,,,
7/4/2015 00:00,,,
8/4/2015 00:00,,,
9/4/2015 00:00,,,
10/4/2015 00:00,,,
11/4/2015 00:00,,,
12/4/2015 00:00,,,
13/04/2015 00:00,,,
14/04/2015 00:00,,,
15/04/2015 00:00,,,
16/04/2015 00:00,,,
17/04/2015 00:00,,,
18/04/2015 00:00,,,
19/04/2015 00:00,,,
20/04/2015 00:00,,,
21/04/2015 00:00,,,
22/04/2015 00:00,,,
23/04/2015 00:00,,,
24/04/2015 00:00,,,
25/04/2015 00:00,,,
26/04/2015 00:00,,,
27/04/2015 00:00,1215,,
28/04/2015 00:00,1911,,
29/04/2015 00:00,2000,,
30/04/2015 00:00,1901,,
1/5/2015 00:00,1977,,
2/5/2015 00:00,1904,,
3/5/2015 00:00,2054,,
4/5/2015 00:00,1803,,
5/5/2015 00:00,1686,,
6/5/2015 00:00,1512,,
7/5/2015 00:00,1264,,
8/5/2015 00:00,1183,,
9/5/2015 00:00,1214,,
10/5/2015 00:00,1130,,
11/5/2015 00:00,1028,,
12/5/2015 00:00,959,,
13/05/2015 00:00,894,,
14/05/2015 00:00,952,,
15/05/2015 00:00,996,,
16/05/2015 00:00,944,,
17/05/2015 00:00,963,,
18/05/2015 00:00,833,,
19/05/2015 00:00,785,,
20/05/2015 00:00,714,,
21/05/2015 00:00,712,,
22/05/2015 00:00,737,,
23/05/2015 00:00,781,,
24/05/2015 00:00,721,,
25/05/2015 00:00,751,,
26/05/2015 00:00,1338,,
27/05/2015 00:00,1141,,
28/05/2015 00:00,994,,
29/05/2015 00:00,922,,
30/05/2015 00:00,958,,
31/05/2015 00:00,988,,
1/6/2015 00:00,833,,
2/6/2015 00:00,753,,
3/6/2015 00:00,827,,
4/6/2015 00:00,733,,
5/6/2015 00:00,705,,
6/6/2015 00:00,700,,
7/6/2015 00:00,699,,
8/6/2015 00:00,701,,
9/6/2015 00:00,648,,
10/6/2015 00:00,596,,
11/6/2015 00:00,618,,
12/6/2015 00:00,658,,
13/06/2015 00:00,686,,
14/06/2015 00:00,788,,
15/06/2015 00:00,722,,
16/06/2015 00:00,778,,
17/06/2015 00:00,1085,,
18/06/2015 00:00,961,,
19/06/2015 00:00,883,,
20/06/2015 00:00,890,,
21/06/2015 00:00,990,,
22/06/2015 00:00,974,,
23/06/2015 00:00,879,,
24/06/2015 00:00,817,,
25/06/2015 00:00,749,,
26/06/2015 00:00,734,,
27/06/2015 00:00,816,,
28/06/2015 00:00,796,,
29/06/2015 00:00,1499,,
30/06/2015 00:00,1361,,
1/7/2015 00:00,1228,,
2/7/2015 00:00,1183,,
3/7/2015 00:00,1089,,
4/7/2015 00:00,1001,,
5/7/2015 00:00,1139,,
6/7/2015 00:00,1073,,
7/7/2015 00:00,1053,,
8/7/2015 00:00,1071,,
9/7/2015 00:00,1050,,
10/7/2015 00:00,886,,
11/7/2015 00:00,894,,
12/7/2015 00:00,998,,
13/07/2015 00:00,914,,
14/07/2015 00:00,884,,
15/07/2015 00:00,870,,
16/07/2015 00:00,799,,
17/07/2015 00:00,786,,
18/07/2015 00:00,787,,
19/07/2015 00:00,863,,
20/07/2015 00:00,788,,
21/07/2015 00:00,765,,
22/07/2015 00:00,770,,
23/07/2015 00:00,735,,
24/07/2015 00:00,677,,
25/07/2015 00:00,738,,
26/07/2015 00:00,810,,
27/07/2015 00:00,787,,
28/07/2015 00:00,704,,
29/07/2015 00:00,701,,
30/07/2015 00:00,701,,
31/07/2015 00:00,614,,
1/8/2015 00:00,634,,
2/8/2015 00:00,708,,
3/8/2015 00:00,1677,,
4/8/2015 00:00,1532,,
5/8/2015 00:00,1270,,
6/8/2015 00:00,1102,,
7/8/2015 00:00,998,,
8/8/2015 00:00,1050,,
9/8/2015 00:00,1032,,
10/8/2015 00:00,978,,
11/8/2015 00:00,915,,
12/8/2015 00:00,823,,
13/08/2015 00:00,815,,
14/08/2015 00:00,738,,
15/08/2015 00:00,814,,
16/08/2015 00:00,900,,
17/08/2015 00:00,891,,
18/08/2015 00:00,775,,
19/08/2015 00:00,768,,
20/08/2015 00:00,752,,
21/08/2015 00:00,684,,
22/08/2015 00:00,761,,
23/08/2015 00:00,823,,
24/08/2015 00:00,831,,
25/08/2015 00:00,1462,,
26/08/2015 00:00,1258,,
27/08/2015 00:00,1219,,
28/08/2015 00:00,1172,,
29/08/2015 00:00,1139,,
30/08/2015 00:00,1188,,
31/08/2015 00:00,1181,,
1/9/2015 00:00,1090,,
2/9/2015 00:00,1008,,
3/9/2015 00:00,917,,
4/9/2015 00:00,857,,
5/9/2015 00:00,941,,
6/9/2015 00:00,1010,,
7/9/2015 00:00,1034,,
8/9/2015 00:00,964,,
9/9/2015 00:00,818,,
10/9/2015 00:00,797,,
11/9/2015 00:00,841,,
12/9/2015 00:00,861,,
13/09/2015 00:00,907,,
14/09/2015 00:00,833,,
15/09/2015 00:00,768,,
16/09/2015 00:00,741,,
17/09/2015 00:00,736,,
18/09/2015 00:00,746,,
19/09/2015 00:00,747,,
20/09/2015 00:00,833,,
21/09/2015 00:00,373,,
22/09/2015 00:00,731,,
23/09/2015 00:00,767,,
24/09/2015 00:00,746,,
25/09/2015 00:00,735,,
26/09/2015 00:00,745,,
27/09/2015 00:00,764,,
28/09/2015 00:00,421,,
29/09/2015 00:00,728,,
30/09/2015 00:00,1478,,
1/10/2015 00:00,1602,,
2/10/2015 00:00,1522,,
3/10/2015 00:00,1568,,
4/10/2015 00:00,1545,,
5/10/2015 00:00,1500,,
6/10/2015 00:00,1351,,
7/10/2015 00:00,1301,,
8/10/2015 00:00,1040,,
9/10/2015 00:00,1126,,
10/10/2015 00:00,1219,,
11/10/2015 00:00,1227,,
12/10/2015 00:00,1126,,
13/10/2015 00:00,1026,,
14/10/2015 00:00,1030,,
15/10/2015 00:00,1032,,
16/10/2015 00:00,1044,,
17/10/2015 00:00,1124,,
18/10/2015 00:00,1205,,
19/10/2015 00:00,1055,,
20/10/2015 00:00,971,,
21/10/2015 00:00,974,,
22/10/2015 00:00,952,,
23/10/2015 00:00,1265,,
24/10/2015 00:00,1534,,
25/10/2015 00:00,1709,,
26/10/2015 00:00,1686,,
27/10/2015 00:00,1452,,
28/10/2015 00:00,1330,,
29/10/2015 00:00,830,,
30/10/2015 00:00,1151,,
31/10/2015 00:00,1202,,
1/11/2015 00:00,1295,,
2/11/2015 00:00,1542,,
3/11/2015 00:00,1654,,
4/11/2015 00:00,1640,,
5/11/2015 00:00,1599,,
6/11/2015 00:00,1501,,
7/11/2015 00:00,1680,,
8/11/2015 00:00,1669,,
9/11/2015 00:00,1420,,
10/11/2015 00:00,1290,,
11/11/2015 00:00,1256,,
12/11/2015 00:00,1286,,
13/11/2015 00:00,1199,,
14/11/2015 00:00,1317,,
15/11/2015 00:00,1369,,
16/11/2015 00:00,1203,,
17/11/2015 00:00,1179,,
18/11/2015 00:00,1150,,
19/11/2015 00:00,1139,,
20/11/2015 00:00,1174,,
21/11/2015 00:00,1264,,
22/11/2015 00:00,1284,,
23/11/2015 00:00,1090,,
24/11/2015 00:00,1072,,
25/11/2015 00:00,1034,,
26/11/2015 00:00,1111,,
27/11/2015 00:00,1147,,
28/11/2015 00:00,1329,,
29/11/2015 00:00,1341,,
30/11/2015 00:00,1234,,
1/12/2015 00:00,1237,,
2/12/2015 00:00,1147,,
3/12/2015 00:00,1116,,
4/12/2015 00:00,1237,,
5/12/2015 00:00,1244,,
6/12/2015 00:00,1236,,
7/12/2015 00:00,2138,,
8/12/2015 00:00,2692,,
9/12/2015 00:00,2403,,
10/12/2015 00:00,2270,,
11/12/2015 00:00,2174,,
12/12/2015 00:00,2515,,
13/12/2015 00:00,2430,,
14/12/2015 00:00,2262,,
15/12/2015 00:00,1967,,
16/12/2015 00:00,1894,,
17/12/2015 00:00,1833,,
18/12/2015 00:00,1862,,
19/12/2015 00:00,2041,,
20/12/2015 00:00,2167,,
21/12/2015 00:00,1882,,
22/12/2015 00:00,1758,,
23/12/2015 00:00,1800,,
24/12/2015 00:00,1670,,
25/12/2015 00:00,1947,,
26/12/2015 00:00,2016,,
27/12/2015 00:00,2191,,
28/12/2015 00:00,1990,,
29/12/2015 00:00,1937,,
30/12/2015 00:00,1968,,
31/12/2015 00:00,1946,,
1/1/2016 00:00,1785,,
2/1/2016 00:00,2017,,
3/1/2016 00:00,1993,,
4/1/2016 00:00,1742,,
5/1/2016 00:00,1633,,
6/1/2016 00:00,1566,,
7/1/2016 00:00,1645,,
8/1/2016 00:00,1653,,
9/1/2016 00:00,1906,,
10/1/2016 00:00,1958,,
11/1/2016 00:00,1582,,
12/1/2016 00:00,1624,,
13/01/2016 00:00,1511,,
14/01/2016 00:00,1552,,
15/01/2016 00:00,1551,,
16/01/2016 00:00,1710,,
17/01/2016 00:00,1761,,
18/01/2016 00:00,1464,,
19/01/2016 00:00,1417,,
20/01/2016 00:00,1401,,
21/01/2016 00:00,1330,,
22/01/2016 00:00,1470,,
23/01/2016 00:00,1727,,
24/01/2016 00:00,1755,,
25/01/2016 00:00,1538,,
26/01/2016 00:00,1406,,
27/01/2016 00:00,1384,,
28/01/2016 00:00,1349,,
29/01/2016 00:00,1366,,
30/01/2016 00:00,1579,,
31/01/2016 00:00,1559,,
1/2/2016 00:00,1358,,
2/2/2016 00:00,1460,,
3/2/2016 00:00,1465,,
4/2/2016 00:00,1452,,
5/2/2016 00:00,1372,,
6/2/2016 00:00,1587,,
7/2/2016 00:00,1633,,
8/2/2016 00:00,1494,,
9/2/2016 00:00,1435,,
10/2/2016 00:00,1386,,
11/2/2016 00:00,1409,,
12/2/2016 00:00,1414,,
13/02/2016 00:00,1612,,
14/02/2016 00:00,1572,,
15/02/2016 00:00,1540,,
16/02/2016 00:00,1308,,
17/02/2016 00:00,1249,,
18/02/2016 00:00,1300,,
19/02/2016 00:00,1258,,
20/02/2016 00:00,1445,,
21/02/2016 00:00,1475,,
22/02/2016 00:00,1314,,
23/02/2016 00:00,1272,,
24/02/2016 00:00,701,,
25/02/2016 00:00,1257,,
26/02/2016 00:00,1216,,
27/02/2016 00:00,1428,,
28/02/2016 00:00,1466,,
29/02/2016 00:00,1225,,
1/3/2016 00:00,1197,,
2/3/2016 00:00,1170,,
3/3/2016 00:00,1156,,
4/3/2016 00:00,1237,,
5/3/2016 00:00,1382,,
6/3/2016 00:00,1403,,
7/3/2016 00:00,1187,,
8/3/2016 00:00,1027,,
9/3/2016 00:00,1095,,
10/3/2016 00:00,1056,,
11/3/2016 00:00,577,,
12/3/2016 00:00,1275,,
13/03/2016 00:00,1223,,
14/03/2016 00:00,1093,,
15/03/2016 00:00,1071,,
16/03/2016 00:00,1012,,
17/03/2016 00:00,1036,,
18/03/2016 00:00,1101,,
19/03/2016 00:00,1225,,
20/03/2016 00:00,1240,,
21/03/2016 00:00,1083,,
22/03/2016 00:00,999,,
23/03/2016 00:00,1045,,
24/03/2016 00:00,1111,,
25/03/2016 00:00,1230,,
26/03/2016 00:00,1176,,
27/03/2016 00:00,1222,,
28/03/2016 00:00,1217,,
29/03/2016 00:00,1055,,
30/03/2016 00:00,1027,,
31/03/2016 00:00,1039,,
1/4/2016 00:00,1079,,
2/4/2016 00:00,1060,,
3/4/2016 00:00,1131,,
4/4/2016 00:00,1073,,
5/4/2016 00:00,1464,,
6/4/2016 00:00,1825,,
7/4/2016 00:00,1865,,
8/4/2016 00:00,1963,,
9/4/2016 00:00,2215,,
10/4/2016 00:00,2245,,
11/4/2016 00:00,2086,,
12/4/2016 00:00,1781,,
13/04/2016 00:00,1688,,
14/04/2016 00:00,1638,,
15/04/2016 00:00,1611,,
16/04/2016 00:00,1708,,
17/04/2016 00:00,1771,,
18/04/2016 00:00,1562,,
19/04/2016 00:00,1527,,
20/04/2016 00:00,1418,,
21/04/2016 00:00,1437,,
22/04/2016 00:00,1473,,
23/04/2016 00:00,1594,,
24/04/2016 00:00,1758,,
25/04/2016 00:00,1496,,
26/04/2016 00:00,1474,,
27/04/2016 00:00,1343,,
28/04/2016 00:00,1425,,
29/04/2016 00:00,1344,,
30/04/2016 00:00,1425,,
1/5/2016 00:00,1472,,
2/5/2016 00:00,1338,,
3/5/2016 00:00,1235,,
4/5/2016 00:00,1132,,
5/5/2016 00:00,1083,,
6/5/2016 00:00,1062,,
7/5/2016 00:00,1061,,
8/5/2016 00:00,1116,,
9/5/2016 00:00,1013,,
10/5/2016 00:00,1041,,
11/5/2016 00:00,1021,,
12/5/2016 00:00,1031,,
13/05/2016 00:00,1091,,
14/05/2016 00:00,1182,,
15/05/2016 00:00,1224,,
16/05/2016 00:00,1168,,
17/05/2016 00:00,1046,,
18/05/2016 00:00,964,,
19/05/2016 00:00,971,,
20/05/2016 00:00,978,,
21/05/2016 00:00,1011,,
22/05/2016 00:00,1090,,
23/05/2016 00:00,1057,,
24/05/2016 00:00,937,,
25/05/2016 00:00,952,,
26/05/2016 00:00,893,,
27/05/2016 00:00,860,,
28/05/2016 00:00,883,,
29/05/2016 00:00,1030,,
30/05/2016 00:00,999,,
31/05/2016 00:00,897,,
1/6/2016 00:00,865,,
2/6/2016 00:00,866,,
3/6/2016 00:00,881,,
4/6/2016 00:00,898,,
5/6/2016 00:00,970,,
6/6/2016 00:00,828,,
7/6/2016 00:00,837,,
8/6/2016 00:00,825,,
9/6/2016 00:00,843,,
10/6/2016 00:00,1057,,
11/6/2016 00:00,1437,,
12/6/2016 00:00,1605,,
13/06/2016 00:00,1377,,
14/06/2016 00:00,1263,,
15/06/2016 00:00,1102,,
16/06/2016 00:00,1147,,
17/06/2016 00:00,1170,,
18/06/2016 00:00,1231,,
19/06/2016 00:00,1270,,
20/06/2016 00:00,1028,,
21/06/2016 00:00,1009,,
22/06/2016 00:00,863,,
23/06/2016 00:00,824,,
24/06/2016 00:00,818,,
25/06/2016 00:00,987,,
26/06/2016 00:00,1034,,
27/06/2016 00:00,1120,,
28/06/2016 00:00,1079,,
29/06/2016 00:00,1006,,
30/06/2016 00:00,986,,
1/7/2016 00:00,998,,
2/7/2016 00:00,1092,,
3/7/2016 00:00,1177,,
4/7/2016 00:00,1136,,
5/7/2016 00:00,1020,,
6/7/2016 00:00,971,,
7/7/2016 00:00,869,,
8/7/2016 00:00,894,,
9/7/2016 00:00,955,,
10/7/2016 00:00,932,,
11/7/2016 00:00,864,,
12/7/2016 00:00,1024,,
13/07/2016 00:00,1003,,
14/07/2016 00:00,971,,
15/07/2016 00:00,916,,
16/07/2016 00:00,936,,
17/07/2016 00:00,965,,
18/07/2016 00:00,833,,
19/07/2016 00:00,766,,
20/07/2016 00:00,754,,
21/07/2016 00:00,781,,
22/07/2016 00:00,796,,
23/07/2016 00:00,861,,
24/07/2016 00:00,870,,
25/07/2016 00:00,851,,
26/07/2016 00:00,827,,
27/07/2016 00:00,765,,
28/07/2016 00:00,779,,
29/07/2016 00:00,785,,
30/07/2016 00:00,831,,
31/07/2016 00:00,1019,,
1/8/2016 00:00,918,,
2/8/2016 00:00,880,,
3/8/2016 00:00,875,,
4/8/2016 00:00,825,,
5/8/2016 00:00,791,,
6/8/2016 00:00,807,,
7/8/2016 00:00,833,,
8/8/2016 00:00,807,,
9/8/2016 00:00,830,,
10/8/2016 00:00,874,,
11/8/2016 00:00,844,,
12/8/2016 00:00,778,,
13/08/2016 00:00,779,,
14/08/2016 00:00,798,,
15/08/2016 00:00,763,,
16/08/2016 00:00,768,,
17/08/2016 00:00,746,,
18/08/2016 00:00,723,,
19/08/2016 00:00,769,,
20/08/2016 00:00,829,,
21/08/2016 00:00,934,,
22/08/2016 00:00,803,,
23/08/2016 00:00,750,,
24/08/2016 00:00,739,,
25/08/2016 00:00,676,,
26/08/2016 00:00,707,,
27/08/2016 00:00,703,,
28/08/2016 00:00,807,,
29/08/2016 00:00,804,,
30/08/2016 00:00,675,,
31/08/2016 00:00,675,,
1/9/2016 00:00,648,,
2/9/2016 00:00,665,,
3/9/2016 00:00,755,,
4/9/2016 00:00,870,,
5/9/2016 00:00,794,,
6/9/2016 00:00,732,,
7/9/2016 00:00,674,,
8/9/2016 00:00,722,,
9/9/2016 00:00,717,,
10/9/2016 00:00,749,,
11/9/2016 00:00,767,,
12/9/2016 00:00,670,,
13/09/2016 00:00,674,,
14/09/2016 00:00,549,,
15/09/2016 00:00,711,,
16/09/2016 00:00,756,,
17/09/2016 00:00,857,,
18/09/2016 00:00,919,,
19/09/2016 00:00,785,,
20/09/2016 00:00,721,,
21/09/2016 00:00,688,,
22/09/2016 00:00,722,,
23/09/2016 00:00,758,,
24/09/2016 00:00,835,,
25/09/2016 00:00,861,,
26/09/2016 00:00,781,,
27/09/2016 00:00,697,,
28/09/2016 00:00,718,,
29/09/2016 00:00,743,,
30/09/2016 00:00,956,,
1/10/2016 00:00,1213,,
2/10/2016 00:00,1362,,
3/10/2016 00:00,1179,,
4/10/2016 00:00,1086,,
5/10/2016 00:00,992,,
6/10/2016 00:00,948,,
7/10/2016 00:00,914,,
8/10/2016 00:00,1042,,
9/10/2016 00:00,1073,,
10/10/2016 00:00,867,,
11/10/2016 00:00,810,,
12/10/2016 00:00,862,,
13/10/2016 00:00,857,,
14/10/2016 00:00,837,,
15/10/2016 00:00,930,,
16/10/2016 00:00,998,,
17/10/2016 00:00,902,,
18/10/2016 00:00,869,,
19/10/2016 00:00,805,,
20/10/2016 00:00,814,,
21/10/2016 00:00,836,,
22/10/2016 00:00,880,,
23/10/2016 00:00,941,,
24/10/2016 00:00,817,,
25/10/2016 00:00,779,,
26/10/2016 00:00,733,,
27/10/2016 00:00,783,,
28/10/2016 00:00,777,,
29/10/2016 00:00,885,,
30/10/2016 00:00,922,,
31/10/2016 00:00,806,,
1/11/2016 00:00,816,,
2/11/2016 00:00,765,,
3/11/2016 00:00,756,,
4/11/2016 00:00,786,,
5/11/2016 00:00,989,,
6/11/2016 00:00,944,,
7/11/2016 00:00,752,,
8/11/2016 00:00,765,,
9/11/2016 00:00,733,,
10/11/2016 00:00,737,,
11/11/2016 00:00,814,,
12/11/2016 00:00,957,,
13/11/2016 00:00,949,,
14/11/2016 00:00,840,,
15/11/2016 00:00,805,,
16/11/2016 00:00,805,,
17/11/2016 00:00,815,,
18/11/2016 00:00,812,,
19/11/2016 00:00,917,,
20/11/2016 00:00,1017,,
21/11/2016 00:00,851,,
22/11/2016 00:00,772,,
23/11/2016 00:00,780,,
24/11/2016 00:00,944,,
25/11/2016 00:00,1080,,
26/11/2016 00:00,1185,,
27/11/2016 00:00,1234,,
28/11/2016 00:00,1066,,
29/11/2016 00:00,1050,,
30/11/2016 00:00,969,,
1/12/2016 00:00,976,,
2/12/2016 00:00,974,,
3/12/2016 00:00,1131,,
4/12/2016 00:00,1129,,
5/12/2016 00:00,920,,
6/12/2016 00:00,866,,
7/12/2016 00:00,835,,
8/12/2016 00:00,639,,
9/12/2016 00:00,899,,
10/12/2016 00:00,1000,,
11/12/2016 00:00,1081,,
12/12/2016 00:00,848,,
13/12/2016 00:00,836,,
14/12/2016 00:00,809,,
15/12/2016 00:00,820,,
16/12/2016 00:00,833,,
17/12/2016 00:00,934,,
18/12/2016 00:00,1006,,
19/12/2016 00:00,851,,
20/12/2016 00:00,786,,
21/12/2016 00:00,804,,
22/12/2016 00:00,817,,
23/12/2016 00:00,939,,
24/12/2016 00:00,1142,,
25/12/2016 00:00,1408,,
26/12/2016 00:00,1579,,
27/12/2016 00:00,1648,,
28/12/2016 00:00,1491,,
29/12/2016 00:00,1552,,
30/12/2016 00:00,1546,,
31/12/2016 00:00,1607,,
1/1/2017 00:00,1428,,
2/1/2017 00:00,1537,,
3/1/2017 00:00,1338,,
4/1/2017 00:00,1261,,
5/1/2017 00:00,1170,,
6/1/2017 00:00,1211,,
7/1/2017 00:00,1438,,
8/1/2017 00:00,1446,,
9/1/2017 00:00,1104,,
10/1/2017 00:00,1082,,
11/1/2017 00:00,1076,,
12/1/2017 00:00,1108,,
13/01/2017 00:00,1185,,
14/01/2017 00:00,1365,,
15/01/2017 00:00,1384,,
16/01/2017 00:00,1038,,
17/01/2017 00:00,1097,,
18/01/2017 00:00,1033,,
19/01/2017 00:00,1038,,
20/01/2017 00:00,1175,,
21/01/2017 00:00,1340,,
22/01/2017 00:00,1365,,
23/01/2017 00:00,1119,,
24/01/2017 00:00,1146,,
25/01/2017 00:00,1097,,
26/01/2017 00:00,1135,,
27/01/2017 00:00,1108,,
28/01/2017 00:00,1369,,
29/01/2017 00:00,1319,,
30/01/2017 00:00,1087,,
31/01/2017 00:00,1101,,
1/2/2017 00:00,1040,,
2/2/2017 00:00,1086,,
3/2/2017 00:00,1167,,
4/2/2017 00:00,1257,,
5/2/2017 00:00,1356,,
6/2/2017 00:00,1041,,
7/2/2017 00:00,983,,
8/2/2017 00:00,996,,
9/2/2017 00:00,988,,
10/2/2017 00:00,1067,,
11/2/2017 00:00,1285,,
12/2/2017 00:00,1400,,
13/02/2017 00:00,1059,,
14/02/2017 00:00,938,,
15/02/2017 00:00,949,,
16/02/2017 00:00,957,,
17/02/2017 00:00,979,,
18/02/2017 00:00,1156,,
19/02/2017 00:00,1173,,
20/02/2017 00:00,901,,
21/02/2017 00:00,901,,
22/02/2017 00:00,871,,
23/02/2017 00:00,880,,
24/02/2017 00:00,933,,
25/02/2017 00:00,959,,
26/02/2017 00:00,1134,,
27/02/2017 00:00,854,,
28/02/2017 00:00,816,,
1/3/2017 00:00,807,,
2/3/2017 00:00,853,,
3/3/2017 00:00,959,,
4/3/2017 00:00,1023,,
5/3/2017 00:00,1081,,
6/3/2017 00:00,866,,
7/3/2017 00:00,836,,
8/3/2017 00:00,790,,
9/3/2017 00:00,861,,
10/3/2017 00:00,915,,
11/3/2017 00:00,986,,
12/3/2017 00:00,982,,
13/03/2017 00:00,842,,
14/03/2017 00:00,814,,
15/03/2017 00:00,784,,
16/03/2017 00:00,773,,
17/03/2017 00:00,880,,
18/03/2017 00:00,963,,
19/03/2017 00:00,939,,
20/03/2017 00:00,782,,
21/03/2017 00:00,336,,
22/03/2017 00:00,204,,
23/03/2017 00:00,751,,
24/03/2017 00:00,797,,
25/03/2017 00:00,862,,
26/03/2017 00:00,864,,
27/03/2017 00:00,677,,
28/03/2017 00:00,689,,
29/03/2017 00:00,697,,
30/03/2017 00:00,700,,
31/03/2017 00:00,707,,
1/4/2017 00:00,833,,
2/4/2017 00:00,785,,
3/4/2017 00:00,704,,
4/4/2017 00:00,631,,
5/4/2017 00:00,645,,
6/4/2017 00:00,663,,
7/4/2017 00:00,833,,
8/4/2017 00:00,1009,,
9/4/2017 00:00,988,,
10/4/2017 00:00,986,,
11/4/2017 00:00,900,,
12/4/2017 00:00,920,,
13/04/2017 00:00,974,,
14/04/2017 00:00,1069,,
15/04/2017 00:00,1188,,
16/04/2017 00:00,1089,,
17/04/2017 00:00,1095,,
18/04/2017 00:00,917,,
19/04/2017 00:00,873,,
20/04/2017 00:00,923,,
21/04/2017 00:00,946,,
22/04/2017 00:00,1073,,
23/04/2017 00:00,1059,,
24/04/2017 00:00,879,,
25/04/2017 00:00,907,,
26/04/2017 00:00,800,,
27/04/2017 00:00,850,,
28/04/2017 00:00,992,,
29/04/2017 00:00,1143,,
30/04/2017 00:00,1184,,
1/5/2017 00:00,1131,,
2/5/2017 00:00,1002,,
3/5/2017 00:00,988,,
4/5/2017 00:00,1039,,
5/5/2017 00:00,1139,,
6/5/2017 00:00,1189,,
7/5/2017 00:00,1170,,
8/5/2017 00:00,956,,
9/5/2017 00:00,884,,
10/5/2017 00:00,854,,
11/5/2017 00:00,1503,,
12/5/2017 00:00,3535,,
13/05/2017 00:00,4352,,
14/05/2017 00:00,4286,,
15/05/2017 00:00,2352,,
16/05/2017 00:00,1833,,
17/05/2017 00:00,1573,,
18/05/2017 00:00,1457,,
19/05/2017 00:00,1434,,
20/05/2017 00:00,1586,,
21/05/2017 00:00,1498,,
22/05/2017 00:00,1279,,
23/05/2017 00:00,1173,,
24/05/2017 00:00,1152,,
25/05/2017 00:00,1083,,
26/05/2017 00:00,1043,,
27/05/2017 00:00,1027,,
28/05/2017 00:00,1087,,
29/05/2017 00:00,1090,,
30/05/2017 00:00,975,,
31/05/2017 00:00,946,,
1/6/2017 00:00,937,,
2/6/2017 00:00,977,,
3/6/2017 00:00,1088,,
4/6/2017 00:00,1214,,
5/6/2017 00:00,1148,,
6/6/2017 00:00,1091,,
7/6/2017 00:00,1066,,
8/6/2017 00:00,1083,,
9/6/2017 00:00,918,,
10/6/2017 00:00,1000,,
11/6/2017 00:00,978,,
12/6/2017 00:00,930,,
13/06/2017 00:00,864,,
14/06/2017 00:00,806,,
15/06/2017 00:00,844,,
16/06/2017 00:00,857,,
17/06/2017 00:00,841,,
18/06/2017 00:00,804,,
19/06/2017 00:00,722,,
20/06/2017 00:00,675,,
21/06/2017 00:00,659,,
22/06/2017 00:00,618,,
23/06/2017 00:00,828,,
24/06/2017 00:00,966,,
25/06/2017 00:00,1129,,
26/06/2017 00:00,1099,,
27/06/2017 00:00,1076,,
28/06/2017 00:00,978,,
29/06/2017 00:00,975,,
30/06/2017 00:00,970,,
1/7/2017 00:00,1074,,
2/7/2017 00:00,1131,,
3/7/2017 00:00,1125,,
4/7/2017 00:00,1069,,
5/7/2017 00:00,980,,
6/7/2017 00:00,918,,
7/7/2017 00:00,830,,
8/7/2017 00:00,850,,
9/7/2017 00:00,892,,
10/7/2017 00:00,758,,
11/7/2017 00:00,712,,
12/7/2017 00:00,734,,
13/07/2017 00:00,716,,
14/07/2017 00:00,708,,
15/07/2017 00:00,758,,
16/07/2017 00:00,731,,
17/07/2017 00:00,680,,
18/07/2017 00:00,624,,
19/07/2017 00:00,581,,
20/07/2017 00:00,641,,
21/07/2017 00:00,611,,
22/07/2017 00:00,684,,
23/07/2017 00:00,727,,
24/07/2017 00:00,645,,
25/07/2017 00:00,655,,
26/07/2017 00:00,653,,
27/07/2017 00:00,633,,
28/07/2017 00:00,636,,
29/07/2017 00:00,673,,
30/07/2017 00:00,712,,
31/07/2017 00:00,632,,
1/8/2017 00:00,610,,
2/8/2017 00:00,578,,
3/8/2017 00:00,556,,
4/8/2017 00:00,587,,
5/8/2017 00:00,623,,
6/8/2017 00:00,697,,
7/8/2017 00:00,570,,
8/8/2017 00:00,584,,
9/8/2017 00:00,566,,
10/8/2017 00:00,565,,
11/8/2017 00:00,569,,
12/8/2017 00:00,626,,
13/08/2017 00:00,632,,
14/08/2017 00:00,576,,
15/08/2017 00:00,584,,
16/08/2017 00:00,538,,
17/08/2017 00:00,522,,
18/08/2017 00:00,611,,
19/08/2017 00:00,701,,
20/08/2017 00:00,677,,
21/08/2017 00:00,597,,
22/08/2017 00:00,569,,24
23/08/2017 00:00,554,,33
24/08/2017 00:00,594,,95
25/08/2017 00:00,514,,21
26/08/2017 00:00,639,,38
27/08/2017 00:00,604,,11
28/08/2017 00:00,509,,216
29/08/2017 00:00,521,,53
30/08/2017 00:00,567,,36
31/08/2017 00:00,555,,39
1/9/2017 00:00,610,,26
2/9/2017 00:00,693,,56
3/9/2017 00:00,717,,12
4/9/2017 00:00,639,,77
5/9/2017 00:00,597,,26
6/9/2017 00:00,559,,62
7/9/2017 00:00,566,,40
8/9/2017 00:00,650,,127
9/9/2017 00:00,684,,29
10/9/2017 00:00,663,,18
11/9/2017 00:00,601,,3206
12/9/2017 00:00,564,,33
13/09/2017 00:00,564,,18
14/09/2017 00:00,555,,11
15/09/2017 00:00,654,,54
16/09/2017 00:00,702,,58
17/09/2017 00:00,737,,54
18/09/2017 00:00,590,,30
19/09/2017 00:00,606,,44
20/09/2017 00:00,596,,1716
21/09/2017 00:00,608,,37
22/09/2017 00:00,657,,31
23/09/2017 00:00,687,,13
24/09/2017 00:00,725,,27
25/09/2017 00:00,613,,24
26/09/2017 00:00,553,,82
27/09/2017 00:00,551,,48
28/09/2017 00:00,549,,37
29/09/2017 00:00,635,,30
30/09/2017 00:00,676,,10
1/10/2017 00:00,737,,231
2/10/2017 00:00,591,,146
3/10/2017 00:00,594,,12
4/10/2017 00:00,582,,60
5/10/2017 00:00,559,,16
6/10/2017 00:00,622,,47
7/10/2017 00:00,673,,97
8/10/2017 00:00,727,,17
9/10/2017 00:00,604,,5
10/10/2017 00:00,551,,22
11/10/2017 00:00,528,,20
12/10/2017 00:00,602,,388
13/10/2017 00:00,582,,12
14/10/2017 00:00,666,,21
15/10/2017 00:00,619,,12
16/10/2017 00:00,551,,18
17/10/2017 00:00,521,,13
18/10/2017 00:00,569,,19
19/10/2017 00:00,602,,16
20/10/2017 00:00,1303,,65
21/10/2017 00:00,1807,,88
22/10/2017 00:00,2100,,16
23/10/2017 00:00,1815,,755
24/10/2017 00:00,1444,,622
25/10/2017 00:00,1232,,27
26/10/2017 00:00,1139,,28
27/10/2017 00:00,1226,,30
28/10/2017 00:00,1428,,30
29/10/2017 00:00,1610,,20
30/10/2017 00:00,1274,,147
31/10/2017 00:00,1250,,34
1/11/2017 00:00,1321,,17
2/11/2017 00:00,1150,,104
3/11/2017 00:00,1148,,19
4/11/2017 00:00,1251,,20
5/11/2017 00:00,1120,,18
6/11/2017 00:00,923,,98
7/11/2017 00:00,841,,11
8/11/2017 00:00,859,,15
9/11/2017 00:00,851,,68
10/11/2017 00:00,960,,20
11/11/2017 00:00,1026,,19
12/11/2017 00:00,1014,,56
13/11/2017 00:00,893,,21
14/11/2017 00:00,804,,31
15/11/2017 00:00,753,,47
16/11/2017 00:00,790,,14
17/11/2017 00:00,889,,29
18/11/2017 00:00,993,,20
19/11/2017 00:00,1040,,39
20/11/2017 00:00,807,,89
21/11/2017 00:00,836,,15
22/11/2017 00:00,807,,108
23/11/2017 00:00,1355,,49
24/11/2017 00:00,1472,,29
25/11/2017 00:00,1689,,44
26/11/2017 00:00,1624,,55
27/11/2017 00:00,1355,,36
28/11/2017 00:00,1311,,53
29/11/2017 00:00,1261,,32
30/11/2017 00:00,1264,,25
1/12/2017 00:00,1234,,27
2/12/2017 00:00,1357,,61
3/12/2017 00:00,1364,,111
4/12/2017 00:00,1079,,30
5/12/2017 00:00,1053,,19
6/12/2017 00:00,1008,,18
7/12/2017 00:00,994,,28
8/12/2017 00:00,1090,,38
9/12/2017 00:00,1172,,17
10/12/2017 00:00,1186,,2749
11/12/2017 00:00,975,,17
12/12/2017 00:00,950,,110
13/12/2017 00:00,887,,88
14/12/2017 00:00,892,,43
15/12/2017 00:00,994,,1911
16/12/2017 00:00,1111,,78
17/12/2017 00:00,1169,,169
18/12/2017 00:00,976,,24
19/12/2017 00:00,925,,42
20/12/2017 00:00,881,,81
21/12/2017 00:00,908,,21
22/12/2017 00:00,1069,,17
23/12/2017 00:00,1285,,15
24/12/2017 00:00,1205,,106
25/12/2017 00:00,1564,,146
26/12/2017 00:00,1598,,27
27/12/2017 00:00,1552,,49
28/12/2017 00:00,1513,,89
29/12/2017 00:00,1489,,163
30/12/2017 00:00,1536,,85
31/12/2017 00:00,1505,,116
1/1/2018 00:00,1380,,42
2/1/2018 00:00,1223,,31
3/1/2018 00:00,1253,,42
4/1/2018 00:00,1261,,47
5/1/2018 00:00,1273,,32
6/1/2018 00:00,1292,,33
7/1/2018 00:00,1249,,89
8/1/2018 00:00,1032,,28
9/1/2018 00:00,945,,23
10/1/2018 00:00,924,,77
11/1/2018 00:00,928,,112
12/1/2018 00:00,1030,,81
13/01/2018 00:00,1197,,51
14/01/2018 00:00,1161,,30
15/01/2018 00:00,949,,481
16/01/2018 00:00,923,,62
17/01/2018 00:00,899,,27
18/01/2018 00:00,907,,32
19/01/2018 00:00,968,,47
20/01/2018 00:00,1180,,97
21/01/2018 00:00,1092,,61
22/01/2018 00:00,900,,52
23/01/2018 00:00,919,,57
24/01/2018 00:00,905,,53
25/01/2018 00:00,893,,29
26/01/2018 00:00,994,,23
27/01/2018 00:00,1104,,14
28/01/2018 00:00,1168,,34
29/01/2018 00:00,948,,34
30/01/2018 00:00,881,,81
31/01/2018 00:00,878,,74
1/2/2018 00:00,929,,70
2/2/2018 00:00,942,,99
3/2/2018 00:00,1068,,35
4/2/2018 00:00,1043,,105
5/2/2018 00:00,913,,37
6/2/2018 00:00,834,,85
7/2/2018 00:00,834,,467
8/2/2018 00:00,857,,44
9/2/2018 00:00,856,,44
10/2/2018 00:00,1026,,76
11/2/2018 00:00,1016,,18
12/2/2018 00:00,815,,16
13/02/2018 00:00,786,,14
14/02/2018 00:00,740,,392
15/02/2018 00:00,720,,51
16/02/2018 00:00,933,,26
17/02/2018 00:00,1140,,80
18/02/2018 00:00,1184,,84
19/02/2018 00:00,1133,,56
20/02/2018 00:00,936,,1567
21/02/2018 00:00,873,,104
22/02/2018 00:00,879,,52
23/02/2018 00:00,911,,37
24/02/2018 00:00,982,,57
25/02/2018 00:00,921,,162
26/02/2018 00:00,803,,27
27/02/2018 00:00,753,,40
28/02/2018 00:00,787,,16
1/3/2018 00:00,763,,71
2/3/2018 00:00,1213,,29
3/3/2018 00:00,1646,,58
4/3/2018 00:00,1781,,124
5/3/2018 00:00,1483,,47
6/3/2018 00:00,1248,,132
7/3/2018 00:00,1167,,217
8/3/2018 00:00,1046,,192
9/3/2018 00:00,1070,,36
10/3/2018 00:00,1187,,36
11/3/2018 00:00,1119,,48
12/3/2018 00:00,915,,87
13/03/2018 00:00,881,,143
14/03/2018 00:00,871,,37
15/03/2018 00:00,847,,26
16/03/2018 00:00,866,,14
17/03/2018 00:00,1025,,51
18/03/2018 00:00,973,,27
19/03/2018 00:00,766,,68
20/03/2018 00:00,746,,41
21/03/2018 00:00,730,,23
22/03/2018 00:00,727,,23
23/03/2018 00:00,750,,22
24/03/2018 00:00,883,,498
25/03/2018 00:00,857,,57
26/03/2018 00:00,718,,54
27/03/2018 00:00,703,,66
28/03/2018 00:00,693,,31
29/03/2018 00:00,709,,1893
30/03/2018 00:00,812,,14
31/03/2018 00:00,812,,81
1/4/2018 00:00,794,,58
2/4/2018 00:00,720,,25
3/4/2018 00:00,642,,53
4/4/2018 00:00,609,,58
5/4/2018 00:00,663,,103
6/4/2018 00:00,687,,116
7/4/2018 00:00,750,,19
8/4/2018 00:00,725,,274
9/4/2018 00:00,627,,13
10/4/2018 00:00,638,,14
11/4/2018 00:00,576,,77
12/4/2018 00:00,644,,85
13/04/2018 00:00,617,,17
14/04/2018 00:00,716,,43
15/04/2018 00:00,954,,33
16/04/2018 00:00,933,,189
17/04/2018 00:00,918,,31
18/04/2018 00:00,943,,78
19/04/2018 00:00,933,,63
20/04/2018 00:00,968,,2333
21/04/2018 00:00,1064,,148
22/04/2018 00:00,1092,,360
23/04/2018 00:00,1020,,140
24/04/2018 00:00,1025,,50
25/04/2018 00:00,952,,23
26/04/2018 00:00,837,,68
27/04/2018 00:00,849,,182
28/04/2018 00:00,851,,41
29/04/2018 00:00,906,,60
30/04/2018 00:00,761,,64
1/5/2018 00:00,778,,122
2/5/2018 00:00,673,,36
3/5/2018 00:00,662,,30
4/5/2018 00:00,676,,28
5/5/2018 00:00,745,,54
6/5/2018 00:00,686,,26
7/5/2018 00:00,631,,41
8/5/2018 00:00,583,,141
9/5/2018 00:00,625,,46
10/5/2018 00:00,623,,43
11/5/2018 00:00,646,,46
12/5/2018 00:00,703,,29
13/05/2018 00:00,710,,66
14/05/2018 00:00,586,,41
15/05/2018 00:00,582,,25
16/05/2018 00:00,611,,71
17/05/2018 00:00,625,,20
18/05/2018 00:00,658,,61
19/05/2018 00:00,704,,55
20/05/2018 00:00,715,,42
21/05/2018 00:00,674,,27
22/05/2018 00:00,630,,162
23/05/2018 00:00,602,,61
24/05/2018 00:00,633,,17
25/05/2018 00:00,800,,38
26/05/2018 00:00,886,,227
27/05/2018 00:00,982,,38
28/05/2018 00:00,1027,,30
29/05/2018 00:00,861,,31
30/05/2018 00:00,790,,19
31/05/2018 00:00,751,,19
1/6/2018 00:00,717,,22
2/6/2018 00:00,771,,103
3/6/2018 00:00,789,,51
4/6/2018 00:00,674,,48
5/6/2018 00:00,685,,33
6/6/2018 00:00,668,,51
7/6/2018 00:00,631,,32
8/6/2018 00:00,668,,58
9/6/2018 00:00,702,,24
10/6/2018 00:00,755,,32
11/6/2018 00:00,668,,28
12/6/2018 00:00,647,,113
13/06/2018 00:00,616,,38
14/06/2018 00:00,641,,40
15/06/2018 00:00,585,,16
16/06/2018 00:00,633,,25
17/06/2018 00:00,690,,31
18/06/2018 00:00,600,,763
19/06/2018 00:00,572,,25
20/06/2018 00:00,581,,28
21/06/2018 00:00,544,,17
22/06/2018 00:00,687,,78
23/06/2018 00:00,820,,34
24/06/2018 00:00,838,,32
25/06/2018 00:00,765,,44
26/06/2018 00:00,728,,17
27/06/2018 00:00,667,,15
28/06/2018 00:00,664,,33
29/06/2018 00:00,716,,28
30/06/2018 00:00,811,,36
1/7/2018 00:00,786,,57
2/7/2018 00:00,756,,56
3/7/2018 00:00,665,,19
4/7/2018 00:00,787,,130
5/7/2018 00:00,724,,31
6/7/2018 00:00,693,,33
7/7/2018 00:00,721,,146
8/7/2018 00:00,708,,44
9/7/2018 00:00,669,,183
10/7/2018 00:00,579,,17
11/7/2018 00:00,566,,62
12/7/2018 00:00,582,,20
13/07/2018 00:00,566,,128
14/07/2018 00:00,629,,29
15/07/2018 00:00,648,,68
16/07/2018 00:00,565,,45
17/07/2018 00:00,575,,21
18/07/2018 00:00,542,,30
19/07/2018 00:00,530,,17
20/07/2018 00:00,565,,89
21/07/2018 00:00,608,,23
22/07/2018 00:00,608,,61
23/07/2018 00:00,556,,77
24/07/2018 00:00,543,,347
25/07/2018 00:00,494,,951
26/07/2018 00:00,486,,193
27/07/2018 00:00,475,,23
28/07/2018 00:00,568,,99
29/07/2018 00:00,605,,22
30/07/2018 00:00,575,,55
31/07/2018 00:00,558,,21
1/8/2018 00:00,642,,23
2/8/2018 00:00,632,,21
3/8/2018 00:00,638,,15
4/8/2018 00:00,681,,20
5/8/2018 00:00,660,,21
6/8/2018 00:00,657,,118
7/8/2018 00:00,617,,19
8/8/2018 00:00,597,,120
9/8/2018 00:00,608,,294
10/8/2018 00:00,628,,48
11/8/2018 00:00,668,,38
12/8/2018 00:00,685,,19
13/08/2018 00:00,637,,75
14/08/2018 00:00,594,,46
15/08/2018 00:00,615,,46
16/08/2018 00:00,556,,20
17/08/2018 00:00,597,,23
18/08/2018 00:00,650,,176
19/08/2018 00:00,676,,24
20/08/2018 00:00,621,,878
21/08/2018 00:00,565,,27
22/08/2018 00:00,589,,29
23/08/2018 00:00,582,,14
24/08/2018 00:00,608,,25
25/08/2018 00:00,708,,29
26/08/2018 00:00,707,,30
27/08/2018 00:00,589,,92
28/08/2018 00:00,530,,55
29/08/2018 00:00,533,,40
30/08/2018 00:00,550,,47
31/08/2018 00:00,574,,39
1/9/2018 00:00,632,,17
2/9/2018 00:00,646,,39
3/9/2018 00:00,626,,65
4/9/2018 00:00,551,,38
5/9/2018 00:00,521,,38
6/9/2018 00:00,537,,37
7/9/2018 00:00,559,,53
8/9/2018 00:00,658,,42
9/9/2018 00:00,627,,48
10/9/2018 00:00,551,,95
11/9/2018 00:00,552,,915
12/9/2018 00:00,534,,14
13/09/2018 00:00,536,,18
14/09/2018 00:00,590,,153
15/09/2018 00:00,671,,24
16/09/2018 00:00,668,,19
17/09/2018 00:00,558,,62
18/09/2018 00:00,512,,347
19/09/2018 00:00,513,,67
20/09/2018 00:00,535,,780
21/09/2018 00:00,594,,208
22/09/2018 00:00,685,,63
23/09/2018 00:00,699,,120
24/09/2018 00:00,594,,40
25/09/2018 00:00,625,,38
26/09/2018 00:00,1007,,48
27/09/2018 00:00,1136,,45
28/09/2018 00:00,1189,,42
29/09/2018 00:00,1157,,62
30/09/2018 00:00,1053,,44
1/10/2018 00:00,885,,70
2/10/2018 00:00,833,,32
3/10/2018 00:00,856,,30
4/10/2018 00:00,801,,101
5/10/2018 00:00,839,,41
6/10/2018 00:00,960,,4970
7/10/2018 00:00,951,,4618
8/10/2018 00:00,805,,73
9/10/2018 00:00,773,,33
10/10/2018 00:00,724,,32
11/10/2018 00:00,698,,4930
12/10/2018 00:00,775,,34
13/10/2018 00:00,854,,24
14/10/2018 00:00,882,,29
15/10/2018 00:00,734,,228
16/10/2018 00:00,725,,46
17/10/2018 00:00,1054,,37
18/10/2018 00:00,1159,,77
19/10/2018 00:00,1184,,27
20/10/2018 00:00,1290,,42
21/10/2018 00:00,1245,,77
22/10/2018 00:00,1067,,40
23/10/2018 00:00,949,,34
24/10/2018 00:00,954,,3555
25/10/2018 00:00,863,,3405
26/10/2018 00:00,858,,27
27/10/2018 00:00,1017,,90
28/10/2018 00:00,1008,,36
29/10/2018 00:00,796,,85
30/10/2018 00:00,841,,23
31/10/2018 00:00,826,,21
1/11/2018 00:00,933,,170
2/11/2018 00:00,860,,15
3/11/2018 00:00,940,,3641
4/11/2018 00:00,931,,27
5/11/2018 00:00,729,,4275
6/11/2018 00:00,708,,419
7/11/2018 00:00,740,,75
8/11/2018 00:00,683,,20
9/11/2018 00:00,805,,273
10/11/2018 00:00,856,,24
11/11/2018 00:00,832,,31
12/11/2018 00:00,710,,80
13/11/2018 00:00,694,,81
14/11/2018 00:00,661,,14
15/11/2018 00:00,647,,24
16/11/2018 00:00,717,,28
17/11/2018 00:00,861,,287
18/11/2018 00:00,854,,93
19/11/2018 00:00,715,,183
20/11/2018 00:00,677,,44
21/11/2018 00:00,684,,27
22/11/2018 00:00,833,,25
23/11/2018 00:00,913,,21
24/11/2018 00:00,1056,,15
25/11/2018 00:00,1068,,58
26/11/2018 00:00,875,,344
27/11/2018 00:00,879,,24
28/11/2018 00:00,806,,111
29/11/2018 00:00,813,,30
30/11/2018 00:00,853,,21
1/12/2018 00:00,884,,22
2/12/2018 00:00,885,,37
3/12/2018 00:00,702,,252
4/12/2018 00:00,708,,19
5/12/2018 00:00,693,,933
6/12/2018 00:00,747,,697
7/12/2018 00:00,749,,27
8/12/2018 00:00,864,,26
9/12/2018 00:00,817,,38
10/12/2018 00:00,657,,260
11/12/2018 00:00,656,,56
12/12/2018 00:00,640,,30
13/12/2018 00:00,676,,59
14/12/2018 00:00,688,,41
15/12/2018 00:00,843,,91
16/12/2018 00:00,828,,30
17/12/2018 00:00,694,,53
18/12/2018 00:00,679,,43
19/12/2018 00:00,680,,27
20/12/2018 00:00,709,,3109
21/12/2018 00:00,870,,74
22/12/2018 00:00,1106,,19
23/12/2018 00:00,1200,,28
24/12/2018 00:00,1049,,29
25/12/2018 00:00,1220,,85
26/12/2018 00:00,1232,,42
27/12/2018 00:00,1326,,52
28/12/2018 00:00,1289,,39
29/12/2018 00:00,1236,,30
30/12/2018 00:00,1335,,39
31/12/2018 00:00,1283,,44
1/1/2019 00:00,1108,,43
2/1/2019 00:00,1032,,359
3/1/2019 00:00,1015,,307
4/1/2019 00:00,1072,,339
5/1/2019 00:00,1107,,51
6/1/2019 00:00,1050,,30
7/1/2019 00:00,846,,59
8/1/2019 00:00,792,,46
9/1/2019 00:00,823,,74
10/1/2019 00:00,797,,30
11/1/2019 00:00,855,,1888
12/1/2019 00:00,1007,,51
13/01/2019 00:00,1017,,121
14/01/2019 00:00,786,,566
15/01/2019 00:00,752,,47
16/01/2019 00:00,799,,22
17/01/2019 00:00,756,,2172
18/01/2019 00:00,809,,84
19/01/2019 00:00,977,,429
20/01/2019 00:00,960,,118
21/01/2019 00:00,840,,70
22/01/2019 00:00,777,,31
23/01/2019 00:00,768,,45
24/01/2019 00:00,804,,217
25/01/2019 00:00,909,,144
26/01/2019 00:00,1030,,35
27/01/2019 00:00,1031,,155
28/01/2019 00:00,864,,128
29/01/2019 00:00,903,,53
30/01/2019 00:00,851,,39
31/01/2019 00:00,946,,198
1/2/2019 00:00,1365,,54
2/2/2019 00:00,1798,,103
3/2/2019 00:00,1982,,1408
4/2/2019 00:00,1733,,251
5/2/2019 00:00,1514,,234
6/2/2019 00:00,1345,,258
7/2/2019 00:00,1280,,67
8/2/2019 00:00,1311,,1567
9/2/2019 00:00,1447,,39
10/2/2019 00:00,1426,,43
11/2/2019 00:00,1142,,191
12/2/2019 00:00,1090,,113
13/02/2019 00:00,969,,48
14/02/2019 00:00,890,,43
15/02/2019 00:00,1021,,31
16/02/2019 00:00,1102,,60
17/02/2019 00:00,1170,,113
18/02/2019 00:00,1038,,60
19/02/2019 00:00,1074,,70
20/02/2019 00:00,1076,,55
21/02/2019 00:00,1075,,60
22/02/2019 00:00,1036,,172
23/02/2019 00:00,1219,,101
24/02/2019 00:00,1138,,75
25/02/2019 00:00,952,,152
26/02/2019 00:00,1001,,57
27/02/2019 00:00,915,,35
28/02/2019 00:00,898,,117
1/3/2019 00:00,969,,22
2/3/2019 00:00,1133,,24
3/3/2019 00:00,1121,,48
4/3/2019 00:00,930,,58
5/3/2019 00:00,867,,54
6/3/2019 00:00,850,,18
7/3/2019 00:00,767,,33
8/3/2019 00:00,847,,13
9/3/2019 00:00,986,,32
10/3/2019 00:00,936,,25
11/3/2019 00:00,747,,21
12/3/2019 00:00,696,,151
13/03/2019 00:00,779,,141
14/03/2019 00:00,691,,23
15/03/2019 00:00,748,,23
16/03/2019 00:00,814,,25
17/03/2019 00:00,790,,15
18/03/2019 00:00,653,,20
19/03/2019 00:00,663,,79
20/03/2019 00:00,627,,15
21/03/2019 00:00,592,,19
22/03/2019 00:00,609,,14
23/03/2019 00:00,701,,18
24/03/2019 00:00,724,,1162
25/03/2019 00:00,560,,1085
26/03/2019 00:00,605,,16
27/03/2019 00:00,562,,860
28/03/2019 00:00,557,,199
29/03/2019 00:00,574,,99
30/03/2019 00:00,654,,21
31/03/2019 00:00,615,,14
1/4/2019 00:00,544,,843
2/4/2019 00:00,548,,41
3/4/2019 00:00,578,,9
4/4/2019 00:00,570,,15
5/4/2019 00:00,596,,28
6/4/2019 00:00,646,,10
7/4/2019 00:00,638,,15
8/4/2019 00:00,521,,14
9/4/2019 00:00,566,,8
10/4/2019 00:00,591,,31
11/4/2019 00:00,554,,47
12/4/2019 00:00,605,,37
13/04/2019 00:00,670,,131
14/04/2019 00:00,655,,150
15/04/2019 00:00,528,,25
16/04/2019 00:00,540,,31
17/04/2019 00:00,488,,35
18/04/2019 00:00,489,,290
19/04/2019 00:00,569,,135
20/04/2019 00:00,550,,47
21/04/2019 00:00,569,,56
22/04/2019 00:00,501,,14
23/04/2019 00:00,459,,210
24/04/2019 00:00,451,,48
25/04/2019 00:00,433,,167
26/04/2019 00:00,512,,95
27/04/2019 00:00,558,,7
28/04/2019 00:00,564,,39
29/04/2019 00:00,482,,16
30/04/2019 00:00,469,,8
1/5/2019 00:00,473,,54
2/5/2019 00:00,499,,49
3/5/2019 00:00,528,,142
4/5/2019 00:00,620,,41
5/5/2019 00:00,612,,55
6/5/2019 00:00,479,,44
7/5/2019 00:00,467,,13
8/5/2019 00:00,495,,11
9/5/2019 00:00,495,,37
10/5/2019 00:00,484,,31
11/5/2019 00:00,538,,48
12/5/2019 00:00,573,,10
13/05/2019 00:00,429,,99
14/05/2019 00:00,458,,7
15/05/2019 00:00,450,,12
16/05/2019 00:00,492,,11
17/05/2019 00:00,486,,33
18/05/2019 00:00,505,,4
19/05/2019 00:00,503,,9
20/05/2019 00:00,433,,60
21/05/2019 00:00,427,,59
22/05/2019 00:00,427,,41
23/05/2019 00:00,421,,24
24/05/2019 00:00,442,,209
25/05/2019 00:00,704,,10
26/05/2019 00:00,759,,32
27/05/2019 00:00,706,,30
28/05/2019 00:00,694,,13
29/05/2019 00:00,638,,19
30/05/2019 00:00,688,,16
31/05/2019 00:00,669,,17
1/6/2019 00:00,694,,22
2/6/2019 00:00,726,,13
3/6/2019 00:00,651,,4
4/6/2019 00:00,638,,300
5/6/2019 00:00,573,,83
6/6/2019 00:00,611,,60
7/6/2019 00:00,589,,16
8/6/2019 00:00,596,,33
9/6/2019 00:00,588,,12
10/6/2019 00:00,509,,8
11/6/2019 00:00,502,,24
12/6/2019 00:00,469,,30
13/06/2019 00:00,427,,12
14/06/2019 00:00,441,,45
15/06/2019 00:00,496,,8
16/06/2019 00:00,519,,16
17/06/2019 00:00,447,,44
18/06/2019 00:00,435,,40
19/06/2019 00:00,431,,13
20/06/2019 00:00,445,,4766
21/06/2019 00:00,415,,10
22/06/2019 00:00,463,,50
23/06/2019 00:00,452,,10
24/06/2019 00:00,383,,90
25/06/2019 00:00,390,,30
26/06/2019 00:00,422,,14
27/06/2019 00:00,482,,31
28/06/2019 00:00,465,,34
29/06/2019 00:00,549,,31
30/06/2019 00:00,549,,18
1/7/2019 00:00,484,,48
2/7/2019 00:00,514,,53
3/7/2019 00:00,482,,13
4/7/2019 00:00,539,,37
5/7/2019 00:00,521,,38
6/7/2019 00:00,558,,16
7/7/2019 00:00,567,,9
8/7/2019 00:00,551,,12
9/7/2019 00:00,565,,52
10/7/2019 00:00,486,,18
11/7/2019 00:00,477,,9
12/7/2019 00:00,473,,23
13/07/2019 00:00,529,,11
14/07/2019 00:00,512,,12
15/07/2019 00:00,518,,10
16/07/2019 00:00,454,,10
17/07/2019 00:00,433,,10
18/07/2019 00:00,446,,16
19/07/2019 00:00,410,,45
20/07/2019 00:00,473,,19
21/07/2019 00:00,480,,12
22/07/2019 00:00,389,,11
23/07/2019 00:00,,,14
24/07/2019 00:00,,,18
25/07/2019 00:00,360,,58
26/07/2019 00:00,372,,80
27/07/2019 00:00,408,,99
28/07/2019 00:00,445,,10
29/07/2019 00:00,404,,10
30/07/2019 00:00,418,,5
31/07/2019 00:00,406,,89
1/8/2019 00:00,379,,6
2/8/2019 00:00,392,,267
3/8/2019 00:00,442,,102
4/8/2019 00:00,464,,7
5/8/2019 00:00,422,,164
6/8/2019 00:00,428,,12
7/8/2019 00:00,409,,9
8/8/2019 00:00,421,,132
9/8/2019 00:00,402,,78
10/8/2019 00:00,455,,11
11/8/2019 00:00,462,,182
12/8/2019 00:00,410,,24
13/08/2019 00:00,407,,6
14/08/2019 00:00,506,,9
15/08/2019 00:00,603,,14
16/08/2019 00:00,592,,22
17/08/2019 00:00,648,,12
18/08/2019 00:00,661,,60
19/08/2019 00:00,596,,12
20/08/2019 00:00,607,,151
21/08/2019 00:00,553,,40
22/08/2019 00:00,558,,15
23/08/2019 00:00,542,,186
24/08/2019 00:00,602,,12
25/08/2019 00:00,637,,44
26/08/2019 00:00,552,,15
27/08/2019 00:00,556,,16
28/08/2019 00:00,504,,34
29/08/2019 00:00,5776,,71
30/08/2019 00:00,8281,,132
31/08/2019 00:00,8846,,181
1/9/2019 00:00,10932,,251
2/9/2019 00:00,5556,,155
3/9/2019 00:00,3624,,49
4/9/2019 00:00,4484,,105
5/9/2019 00:00,2662,,79
6/9/2019 00:00,2337,,78
7/9/2019 00:00,2421,,86
8/9/2019 00:00,2201,,79
9/9/2019 00:00,1932,,146
10/9/2019 00:00,1640,,123
11/9/2019 00:00,1574,,33
12/9/2019 00:00,1528,,27
13/09/2019 00:00,1570,,113
14/09/2019 00:00,1689,,51
15/09/2019 00:00,1838,,143
16/09/2019 00:00,7262,,78
17/09/2019 00:00,6329,,143
18/09/2019 00:00,5148,,179
19/09/2019 00:00,4064,,62
20/09/2019 00:00,3782,,161
21/09/2019 00:00,3689,,202
22/09/2019 00:00,3401,,171
23/09/2019 00:00,2539,,221
24/09/2019 00:00,2333,,200
25/09/2019 00:00,2236,,44
26/09/2019 00:00,2070,,34
27/09/2019 00:00,2124,,18
28/09/2019 00:00,2362,,24
29/09/2019 00:00,2412,,47
30/09/2019 00:00,1790,,48
1/10/2019 00:00,1732,,41
2/10/2019 00:00,1578,,18
3/10/2019 00:00,1629,,13
4/10/2019 00:00,1721,,76
5/10/2019 00:00,1842,,981
6/10/2019 00:00,1822,,1652
7/10/2019 00:00,1450,,190
8/10/2019 00:00,1423,,197
9/10/2019 00:00,1461,,41
10/10/2019 00:00,1497,,151
11/10/2019 00:00,1545,,24
12/10/2019 00:00,1715,,72
13/10/2019 00:00,1646,,17
14/10/2019 00:00,1454,,111
15/10/2019 00:00,1372,,15
16/10/2019 00:00,1354,,31
17/10/2019 00:00,1311,,184
18/10/2019 00:00,1392,,183
19/10/2019 00:00,1508,,19
20/10/2019 00:00,1493,,36
21/10/2019 00:00,1282,,22
22/10/2019 00:00,1230,,92
23/10/2019 00:00,1162,,50
24/10/2019 00:00,1174,,20
25/10/2019 00:00,1237,,1467
26/10/2019 00:00,1322,,398
27/10/2019 00:00,1334,,11
28/10/2019 00:00,1130,,13
29/10/2019 00:00,1033,,57
30/10/2019 00:00,1030,,84
31/10/2019 00:00,1022,,16
1/11/2019 00:00,1192,,9
2/11/2019 00:00,1285,,38
3/11/2019 00:00,1268,,14
4/11/2019 00:00,1025,,22
5/11/2019 00:00,987,,17
6/11/2019 00:00,941,,50
7/11/2019 00:00,983,,13
8/11/2019 00:00,1061,,8
9/11/2019 00:00,1173,,8
10/11/2019 00:00,1148,,7
11/11/2019 00:00,986,,55
12/11/2019 00:00,962,,36
13/11/2019 00:00,897,,10
14/11/2019 00:00,921,,314
15/11/2019 00:00,1007,,131
16/11/2019 00:00,1153,,15
17/11/2019 00:00,1163,,82
18/11/2019 00:00,938,,5702
19/11/2019 00:00,928,,11
20/11/2019 00:00,914,,16
21/11/2019 00:00,923,,193
22/11/2019 00:00,992,,9
23/11/2019 00:00,1172,,24
24/11/2019 00:00,1173,,39
25/11/2019 00:00,981,,79
26/11/2019 00:00,900,,105
27/11/2019 00:00,975,,59
28/11/2019 00:00,955,,69
29/11/2019 00:00,987,,53
30/11/2019 00:00,1107,,37
1/12/2019 00:00,1054,,24
2/12/2019 00:00,901,,11
3/12/2019 00:00,849,,16
4/12/2019 00:00,853,,511
5/12/2019 00:00,851,,270
6/12/2019 00:00,938,,218
7/12/2019 00:00,1054,,49
8/12/2019 00:00,1031,,10
9/12/2019 00:00,893,,9
10/12/2019 00:00,832,,13
11/12/2019 00:00,827,,107
12/12/2019 00:00,848,,40
13/12/2019 00:00,920,,12
14/12/2019 00:00,1047,,11
15/12/2019 00:00,1016,,21
16/12/2019 00:00,833,,49
17/12/2019 00:00,825,,10
18/12/2019 00:00,800,,12
19/12/2019 00:00,813,,38
20/12/2019 00:00,970,,29
21/12/2019 00:00,1033,,200
22/12/2019 00:00,1034,,11
23/12/2019 00:00,989,,170
24/12/2019 00:00,978,,11
25/12/2019 00:00,1128,,37
26/12/2019 00:00,971,,7
27/12/2019 00:00,903,,6
28/12/2019 00:00,991,,8
29/12/2019 00:00,993,,6
30/12/2019 00:00,936,,13
31/12/2019 00:00,924,,6
1/1/2020 00:00,844,,7
2/1/2020 00:00,869,,28
3/1/2020 00:00,824,,80
4/1/2020 00:00,915,,23
5/1/2020 00:00,956,,16
6/1/2020 00:00,749,,8
7/1/2020 00:00,732,,8
8/1/2020 00:00,713,,5
9/1/2020 00:00,720,,18
10/1/2020 00:00,802,,20
11/1/2020 00:00,885,,34
12/1/2020 00:00,916,,15
13/01/2020 00:00,765,,8
14/01/2020 00:00,744,,13
15/01/2020 00:00,698,,9
16/01/2020 00:00,698,,35
17/01/2020 00:00,765,,12
18/01/2020 00:00,914,,78
19/01/2020 00:00,865,,26
20/01/2020 00:00,748,,6
21/01/2020 00:00,753,,31
22/01/2020 00:00,694,,12
23/01/2020 00:00,743,,16
24/01/2020 00:00,821,,385
25/01/2020 00:00,881,,29
26/01/2020 00:00,877,,10
27/01/2020 00:00,749,,14
28/01/2020 00:00,739,,44
29/01/2020 00:00,778,,19
30/01/2020 00:00,711,,18
31/01/2020 00:00,748,,141
1/2/2020 00:00,864,,17
2/2/2020 00:00,876,,5
3/2/2020 00:00,727,,11
4/2/2020 00:00,700,,10
5/2/2020 00:00,700,,25
6/2/2020 00:00,671,,10
7/2/2020 00:00,770,,9
8/2/2020 00:00,825,,10
9/2/2020 00:00,921,,9
10/2/2020 00:00,726,,7
11/2/2020 00:00,715,,21
12/2/2020 00:00,700,,22
13/02/2020 00:00,702,,12
14/02/2020 00:00,737,,65
15/02/2020 00:00,854,,19
16/02/2020 00:00,893,,22
17/02/2020 00:00,757,,10
18/02/2020 00:00,717,,11
19/02/2020 00:00,708,,41
20/02/2020 00:00,706,,18
21/02/2020 00:00,737,,11
22/02/2020 00:00,818,,4
23/02/2020 00:00,826,,19
24/02/2020 00:00,667,,12
25/02/2020 00:00,698,,24
26/02/2020 00:00,668,,8
27/02/2020 00:00,692,,26
28/02/2020 00:00,748,,16
29/02/2020 00:00,800,,12
1/3/2020 00:00,815,,10
2/3/2020 00:00,667,,90
3/3/2020 00:00,645,,8
4/3/2020 00:00,648,,5
5/3/2020 00:00,676,,4
6/3/2020 00:00,693,,6
7/3/2020 00:00,842,,1294
8/3/2020 00:00,792,,61
9/3/2020 00:00,657,,21
10/3/2020 00:00,659,,78
11/3/2020 00:00,673,,8
12/3/2020 00:00,754,,6
13/03/2020 00:00,877,,13
14/03/2020 00:00,1050,,49
15/03/2020 00:00,1116,,11
16/03/2020 00:00,1001,,21
17/03/2020 00:00,1003,,27
18/03/2020 00:00,1007,,15
19/03/2020 00:00,1077,,9
20/03/2020 00:00,1033,,14
21/03/2020 00:00,1202,,189
22/03/2020 00:00,1209,,11
23/03/2020 00:00,1002,,15
24/03/2020 00:00,1074,,271
25/03/2020 00:00,1145,,13
26/03/2020 00:00,1205,,22
27/03/2020 00:00,1177,,66
28/03/2020 00:00,1191,,16
29/03/2020 00:00,1195,,15
30/03/2020 00:00,1086,,100
31/03/2020 00:00,1018,,8
1/4/2020 00:00,1027,,14
2/4/2020 00:00,1031,,14
3/4/2020 00:00,1032,,12
4/4/2020 00:00,1151,,19
5/4/2020 00:00,1079,,23
6/4/2020 00:00,970,,11
7/4/2020 00:00,935,,11
8/4/2020 00:00,991,,1671
9/4/2020 00:00,968,,27
10/4/2020 00:00,1015,,14
11/4/2020 00:00,1063,,1696
12/4/2020 00:00,1082,,35
13/04/2020 00:00,1091,,11
14/04/2020 00:00,942,,12
15/04/2020 00:00,920,,10
16/04/2020 00:00,838,,29
17/04/2020 00:00,919,,21
18/04/2020 00:00,1005,,33
19/04/2020 00:00,1019,,30
20/04/2020 00:00,927,,2092
21/04/2020 00:00,903,,19
22/04/2020 00:00,924,,18
23/04/2020 00:00,845,,10
24/04/2020 00:00,861,,38
25/04/2020 00:00,990,,38
26/04/2020 00:00,961,,30
27/04/2020 00:00,881,,21
28/04/2020 00:00,822,,16
29/04/2020 00:00,901,,40
30/04/2020 00:00,918,,19
1/5/2020 00:00,949,,7
2/5/2020 00:00,916,,12
3/5/2020 00:00,951,,15
4/5/2020 00:00,804,,18
5/5/2020 00:00,756,,1700
6/5/2020 00:00,753,,9
7/5/2020 00:00,756,,17
8/5/2020 00:00,788,,956
9/5/2020 00:00,827,,16
10/5/2020 00:00,893,,8
11/5/2020 00:00,750,,13
12/5/2020 00:00,782,,14
13/05/2020 00:00,788,,56
14/05/2020 00:00,734,,16
15/05/2020 00:00,736,,13
16/05/2020 00:00,774,,19
17/05/2020 00:00,764,,29
18/05/2020 00:00,649,,25
19/05/2020 00:00,621,,238
20/05/2020 00:00,632,,132
21/05/2020 00:00,690,,111
22/05/2020 00:00,733,,161
23/05/2020 00:00,793,,104
24/05/2020 00:00,757,,16
25/05/2020 00:00,20343,,12
26/05/2020 00:00,643,,11
27/05/2020 00:00,623,,17
28/05/2020 00:00,598,,10
29/05/2020 00:00,578,,12
30/05/2020 00:00,603,,58
31/05/2020 00:00,651,,11
1/6/2020 00:00,566,,6
2/6/2020 00:00,526,,7
3/6/2020 00:00,564,,17
4/6/2020 00:00,579,,40
5/6/2020 00:00,609,,48
6/6/2020 00:00,599,,16
7/6/2020 00:00,632,,13
8/6/2020 00:00,565,,13
9/6/2020 00:00,589,,15
10/6/2020 00:00,572,,42
11/6/2020 00:00,548,,33
12/6/2020 00:00,571,,40
13/06/2020 00:00,579,,14
14/06/2020 00:00,606,,15
15/06/2020 00:00,607,,33
16/06/2020 00:00,515,,15
17/06/2020 00:00,542,,10
18/06/2020 00:00,535,,15
19/06/2020 00:00,572,,20
20/06/2020 00:00,586,,14
21/06/2020 00:00,632,,14
22/06/2020 00:00,547,,41
23/06/2020 00:00,494,,10
24/06/2020 00:00,510,,47
25/06/2020 00:00,494,,7
26/06/2020 00:00,595,,22
27/06/2020 00:00,636,,16
28/06/2020 00:00,686,,26
29/06/2020 00:00,638,,22
30/06/2020 00:00,619,,50
1/7/2020 00:00,606,,7
2/7/2020 00:00,614,,23
3/7/2020 00:00,603,,16
4/7/2020 00:00,622,,522
5/7/2020 00:00,621,,12
6/7/2020 00:00,577,,11
7/7/2020 00:00,565,,8
8/7/2020 00:00,591,,12
9/7/2020 00:00,588,,25
10/7/2020 00:00,562,,14
11/7/2020 00:00,599,,19
12/7/2020 00:00,590,,14
13/07/2020 00:00,562,,29
14/07/2020 00:00,536,,35
15/07/2020 00:00,546,,70
16/07/2020 00:00,548,,22
17/07/2020 00:00,541,,32
18/07/2020 00:00,529,,1168
19/07/2020 00:00,535,,82
20/07/2020 00:00,483,,13
21/07/2020 00:00,490,,29
22/07/2020 00:00,507,,8
23/07/2020 00:00,484,,19
24/07/2020 00:00,506,,35
25/07/2020 00:00,519,,18
26/07/2020 00:00,532,,17
27/07/2020 00:00,479,,43
28/07/2020 00:00,494,,12
29/07/2020 00:00,476,,57
30/07/2020 00:00,457,,697
31/07/2020 00:00,452,,12
1/8/2020 00:00,529,,81
2/8/2020 00:00,543,,475
3/8/2020 00:00,528,,18
4/8/2020 00:00,480,,39
5/8/2020 00:00,470,,7
6/8/2020 00:00,432,,10
7/8/2020 00:00,423,,33
8/8/2020 00:00,466,,11
9/8/2020 00:00,529,,1526
10/8/2020 00:00,467,,1503
11/8/2020 00:00,447,,999
12/8/2020 00:00,420,,32
13/08/2020 00:00,422,,1278
14/08/2020 00:00,447,,10
15/08/2020 00:00,477,,30
16/08/2020 00:00,513,,30
17/08/2020 00:00,475,,12
18/08/2020 00:00,464,,10
19/08/2020 00:00,463,,25
20/08/2020 00:00,436,,130
21/08/2020 00:00,463,,18
22/08/2020 00:00,509,,35
23/08/2020 00:00,551,,32
24/08/2020 00:00,499,,46
25/08/2020 00:00,501,,42
26/08/2020 00:00,516,,79
27/08/2020 00:00,491,,6
28/08/2020 00:00,481,,26
29/08/2020 00:00,530,,40
30/08/2020 00:00,558,,1676
31/08/2020 00:00,529,,40
1/9/2020 00:00,492,,9
2/9/2020 00:00,499,,21
3/9/2020 00:00,490,,8
4/9/2020 00:00,524,,11
5/9/2020 00:00,540,,15
6/9/2020 00:00,549,,8
7/9/2020 00:00,531,,12
8/9/2020 00:00,501,,15
9/9/2020 00:00,506,,19
10/9/2020 00:00,501,,15
11/9/2020 00:00,550,,139
12/9/2020 00:00,555,,13
13/09/2020 00:00,559,,30
14/09/2020 00:00,522,,5
15/09/2020 00:00,480,,10
16/09/2020 00:00,558,,12
17/09/2020 00:00,614,,18
18/09/2020 00:00,633,,9
19/09/2020 00:00,596,,9
20/09/2020 00:00,649,,14
21/09/2020 00:00,550,,12
22/09/2020 00:00,488,,6
23/09/2020 00:00,517,,92
24/09/2020 00:00,512,,10
25/09/2020 00:00,543,,30
26/09/2020 00:00,602,,13
27/09/2020 00:00,583,,27
28/09/2020 00:00,523,,12
29/09/2020 00:00,507,,16
30/09/2020 00:00,469,,23
1/10/2020 00:00,513,,6
2/10/2020 00:00,527,,11
3/10/2020 00:00,626,,44
4/10/2020 00:00,632,,2931
5/10/2020 00:00,504,,211
6/10/2020 00:00,505,,8
7/10/2020 00:00,517,,7
